Date,Open,High,Low,Close,Adj Close,Volume,Log RS,Log N
2016-10-12,5.73,5.94,5.71,5.82,4.220099,24206200,1.411291902986523,2.302585092994046
2016-10-13,5.65,5.65,5.51,5.53,4.009819,49022000,1.4837115892784685,2.3978952727983707
2016-10-14,5.69,5.75,5.56,5.58,4.046073,29115100,1.58819465578204,2.4849066497880004
2016-10-17,5.6,5.75,5.6,5.68,4.118585,13345200,1.6553098426396124,2.5649493574615367
2016-10-18,5.82,5.9,5.73,5.84,4.234601,23689000,1.7083150151872826,2.6390573296152584
2016-10-19,5.86,5.94,5.79,5.84,4.234601,15130100,1.7884320803263611,2.70805020110221
2016-10-20,5.92,6.07,5.87,6.03,4.37237,26151200,1.8446544343199034,2.772588722239781
2016-10-21,6.01,6.36,5.96,6.26,4.539145,45185600,1.9228604778060538,2.833213344056216
2016-10-24,6.47,6.58,6.38,6.49,4.705918,34526300,1.9593156235548148,2.8903717578961645
2016-10-25,6.58,6.83,6.58,6.79,4.923449,56115700,2.0406583811069017,2.9444389791664403
2016-10-26,6.78,6.95,6.63,6.91,5.010461,46194500,2.053110482288003,2.995732273553991
2016-10-27,7.02,7.05,6.83,6.95,5.039465,42385200,2.1257251703469318,3.044522437723423
2016-10-28,6.98,7.05,6.86,6.9,5.00321,29352400,2.1588644553592546,3.091042453358316
2016-10-31,6.93,6.97,6.77,6.92,5.017712,23959200,2.193849943670657,3.1354942159291497
2016-11-01,6.99,7.03,6.64,6.9,5.00321,34997300,2.256352240675053,3.1780538303479458
2016-11-02,6.82,6.9,6.7,6.72,4.872691,27616800,2.302066364954531,3.2188758248682006
2016-11-03,6.92,6.97,6.73,6.76,4.901696,29597700,2.3231667544319152,3.258096538021482
2016-11-04,6.66,6.82,6.59,6.67,4.836436,24528800,2.3728400395177176,3.295836866004329
2016-11-07,7.05,7.21,7.01,7.17,5.198988,32529000,2.438044200688142,3.332204510175204
2016-11-08,7.21,7.65,7.14,7.54,5.467276,44753200,2.458331079289611,3.367295829986474
2016-11-09,7.72,8.03,7.67,7.76,5.626799,65108800,2.490220693195598,3.4011973816621555
2016-11-10,7.89,8.1,7.7,8.0,5.800823,51736800,2.5352597851627037,3.4339872044851463
2016-11-11,8.04,8.04,7.56,7.69,5.576042,59338100,2.5405535984790677,3.4657359027997265
2016-11-14,7.69,7.74,7.41,7.69,5.576042,43153500,2.5983815582873673,3.4965075614664802
2016-11-15,7.31,7.38,6.85,7.32,5.307753,28917900,2.6102199740452323,3.5263605246161616
2016-11-16,7.29,7.34,7.06,7.31,5.300502,21640600,2.6195581975275757,3.5553480614894135
2016-11-17,7.36,7.48,7.24,7.31,5.300502,26517200,2.668009120582595,3.58351893845611
2016-11-18,7.06,7.3,7.0,7.24,5.249745,28474800,2.6927041329606696,3.6109179126442243
2016-11-21,7.44,7.73,7.43,7.66,5.554288,36040700,2.702745445756806,3.6375861597263857
2016-11-22,8.11,8.31,8.0,8.29,6.011103,53670800,2.7455206131735195,3.6635616461296463
2016-11-23,8.1,8.44,8.06,8.39,6.083613,40948800,2.790157528941621,3.6888794541139363
2016-11-25,8.32,8.44,8.15,8.42,6.105366,24372900,2.8038106510220095,3.713572066704308
2016-11-28,8.44,9.18,8.4,9.1,6.598437,61928500,2.830108127202449,3.7376696182833684
2016-11-29,8.7,8.79,8.45,8.55,6.19963,51248300,2.849592164004811,3.7612001156935624
2016-11-30,8.42,8.71,8.4,8.49,6.156123,43212700,2.883256744304284,3.784189633918261
2016-12-01,8.8,8.83,8.07,8.21,5.953094,54459600,2.8563846756392994,3.8066624897703196
2016-12-02,8.11,8.52,8.1,8.44,6.156613,39886600,2.9586369453593955,3.828641396489095
2016-12-05,8.61,8.75,8.53,8.66,6.317094,36695400,2.9095160611851707,3.8501476017100584
2016-12-06,8.61,8.82,8.52,8.81,6.426513,34440600,2.9513680174218253,3.871201010907891
2016-12-07,9.11,9.32,8.95,9.16,6.681821,43931300,2.968343651409101,3.8918202981106265
2016-12-08,9.26,9.34,8.85,8.94,6.521341,37289100,2.9762942674096213,3.912023005428146
2016-12-09,8.91,9.01,8.73,8.78,6.404628,26109200,3.0472542225568904,3.9318256327243257
2016-12-12,8.91,8.96,8.73,8.8,6.419217,31607000,3.054044185831277,3.9512437185814275
2016-12-13,8.77,8.88,8.44,8.49,6.193086,30186600,3.0317563552427904,3.970291913552122
2016-12-14,8.38,8.62,8.25,8.28,6.039899,38042900,3.0509762418221387,3.9889840465642745
2016-12-15,8.21,8.52,8.09,8.45,6.163908,35684800,3.0800959148338354,4.007333185232471
2016-12-16,8.39,8.46,8.15,8.17,5.95966,30734100,3.145337300879427,4.02535169073515
2016-12-19,8.08,8.13,7.71,7.72,5.631404,37517400,3.127515515586564,4.04305126783455
2016-12-20,7.86,7.96,7.72,7.9,5.762706,19822800,3.126113982627655,4.060443010546419
2016-12-21,8.02,8.03,7.88,7.91,5.77,14345400,3.185856072518986,4.07753744390572
2016-12-22,7.76,7.87,7.64,7.79,5.682467,20751300,3.1459157425313986,4.0943445622221
2016-12-23,7.76,7.89,7.69,7.71,5.62411,20262600,3.158688843425108,4.110873864173311
2016-12-27,7.91,8.05,7.87,7.9,5.762706,15143700,3.215864739351564,4.127134385045092
2016-12-28,8.15,8.19,8.0,8.02,5.850242,22012700,3.247468155504001,4.143134726391533
2016-12-29,8.09,8.16,7.79,7.91,5.77,25083500,3.2396319498792923,4.1588830833596715
2016-12-30,7.92,7.95,7.54,7.62,5.558459,14623300,3.226954163728206,4.174387269895637
2017-01-03,7.89,8.06,7.84,8.05,5.872125,27690200,3.275556996314342,4.189654742026425
2017-01-04,8.03,8.12,7.84,8.05,5.872125,15069500,3.330866871395791,4.204692619390966
2017-01-05,8.08,8.4,8.07,8.3,6.05449,24451400,3.3460684150206115,4.219507705176107
2017-01-06,8.15,8.31,7.99,7.99,5.828357,17527900,3.333454545329324,4.23410650459726
2017-01-09,8.31,8.38,8.2,8.22,5.996132,20748800,3.3115429145096646,4.248495242049359
2017-01-10,8.62,8.98,8.6,8.96,6.535931,30706200,3.3431647709298242,4.2626798770413155
2017-01-11,8.88,9.35,8.78,9.31,6.79124,46744100,3.368663967211485,4.276666119016055
2017-01-12,9.37,9.55,9.32,9.44,6.886069,33624900,3.4015878032404085,4.290459441148391
2017-01-13,9.28,9.73,9.22,9.58,6.988194,31394300,3.407978288130345,4.30406509320417
2017-01-17,9.54,9.7,9.45,9.51,6.937133,30060000,3.3866746490865265,4.31748811353631
2017-01-18,9.7,10.12,9.66,9.94,7.250798,42953800,3.4283331818194775,4.330733340286331
2017-01-19,9.84,9.89,9.65,9.8,7.148674,22852100,3.4508794563496177,4.343805421853684
2017-01-20,9.76,10.18,9.73,10.03,7.316449,27984600,3.4526899042915162,4.356708826689592
2017-01-23,10.32,10.55,10.17,10.51,7.666589,31544500,3.447433158582792,4.3694478524670215
2017-01-24,10.79,10.96,10.49,10.76,7.848953,41303800,3.4512001914552655,4.382026634673881
2017-01-25,10.74,10.95,10.56,10.78,7.863541,31829000,3.458824152605187,4.394449154672439
2017-01-26,10.67,10.83,10.55,10.62,7.746829,21797100,3.514168398325573,4.406719247264253
2017-01-27,10.72,10.74,10.57,10.67,7.7833,16642300,3.5467501912365718,4.418840607796598
2017-01-30,10.55,10.55,10.26,10.31,7.520697,21128200,3.5535651078472905,4.430816798843313
2017-01-31,10.46,10.5,10.15,10.18,7.425868,27452200,3.5218170902586996,4.442651256490317
2017-02-01,10.49,10.53,10.33,10.48,7.644705,26423000,3.510919728693312,4.454347296253507
2017-02-02,10.58,10.62,10.36,10.42,7.600936,17498600,3.518292839028946,4.465908118654584
2017-02-03,10.06,10.16,9.7,9.73,7.097612,30767600,3.5681251321948935,4.477336814478207
2017-02-06,9.71,9.85,9.53,9.56,6.973606,32247900,3.609954548186842,4.48863636973214
2017-02-07,9.87,9.88,9.61,9.63,7.024666,22221600,3.636812133863313,4.499809670330265
2017-02-08,9.67,9.81,9.59,9.77,7.126791,22291100,3.648362652763258,4.51085950651685
2017-02-09,9.77,10.0,9.72,9.96,7.265387,24242200,3.633953155666948,4.5217885770490405
2017-02-10,10.4,10.5,10.31,10.46,7.630116,29084600,3.597886257758268,4.532599493153256
2017-02-13,10.9,11.49,10.9,11.34,8.272037,64503000,3.561983360530368,4.543294782270004
2017-02-14,11.21,11.29,10.87,11.16,8.140734,27173300,3.573463258319242,4.553876891600541
2017-02-15,11.17,11.29,10.97,11.11,8.104261,36824800,3.6208041482416045,4.564348191467836
2017-02-16,11.22,11.25,10.85,10.86,7.921898,31753400,3.657191694119331,4.574710978503383
2017-02-17,10.84,11.04,10.78,10.97,8.002139,25051600,3.6906593380460677,4.584967478670572
2017-02-21,11.68,11.7,11.38,11.52,8.40334,33278500,3.702091816999516,4.59511985013459
2017-02-22,11.21,11.26,11.02,11.24,8.19909,31161300,3.7074428888081266,4.605170185988092
2017-02-23,11.4,11.45,10.66,10.75,7.841658,43444900,3.685018945283473,4.61512051684126
2017-02-24,10.46,10.9,10.35,10.52,7.673883,39833500,3.651440074724954,4.624972813284271
2017-02-27,10.62,10.93,10.49,10.61,7.739533,20466900,3.6419442011094785,4.634728988229636
2017-02-28,10.48,10.58,10.17,10.35,7.549874,23252200,3.6592216090285574,4.6443908991413725
2017-03-01,10.67,10.76,10.49,10.69,7.79789,30886700,3.7048934883031324,4.653960350157523
2017-03-02,10.51,10.61,9.91,9.96,7.265387,33160500,3.7623631826565522,4.663439094112067
2017-03-03,10.08,10.25,9.95,10.18,7.425868,22701100,3.803396229907963,4.672828834461906
2017-03-06,9.9,10.06,9.83,9.94,7.250798,21950600,3.823565365111458,4.68213122712422
2017-03-07,10.09,10.11,9.86,9.93,7.243504,18997000,3.836015210986316,4.6913478822291435
2017-03-08,9.83,9.85,9.4,9.46,6.900658,31096000,3.842500045762775,4.700480365792417
2017-03-09,9.32,9.62,9.27,9.46,6.900658,32011500,3.8336748113357046,4.709530201312334
2017-03-10,9.67,9.69,9.39,9.47,6.907954,24848400,3.8334341729990498,4.718498871295094
2017-03-13,9.8,9.97,9.72,9.84,7.177853,28516200,3.8196585442473014,4.727387818712341
2017-03-14,9.67,9.95,9.57,9.86,7.192441,22095000,3.7956824740413007,4.736198448394496
2017-03-15,10.06,10.71,9.95,10.68,7.790596,47617700,3.778473829705409,4.74493212836325
2017-03-16,10.78,10.8,10.36,10.43,7.608233,24311900,3.8112828043028992,4.7535901911063645
2017-03-17,10.43,10.55,10.13,10.13,7.389395,23405800,3.842076146784852,4.762173934797756
2017-03-20,10.03,10.35,9.96,10.29,7.506107,17062300,3.88385204429105,4.770684624465665
2017-03-21,10.02,10.11,9.38,9.44,6.886069,39826800,3.910962237243371,4.77912349311153
2017-03-22,9.22,9.75,9.18,9.53,6.95172,31222300,3.93067169325157,4.787491742782046
2017-03-23,9.37,9.5,9.07,9.32,6.798535,31399300,3.9479703183440993,4.795790545596741
2017-03-24,9.33,9.37,9.18,9.3,6.783946,26480800,3.95318762301214,4.804021044733257
2017-03-27,8.89,9.43,8.7,9.34,6.813125,34988200,3.9431370918244277,4.812184355372417
2017-03-28,9.47,9.59,9.36,9.47,6.907954,28022700,3.9368146386343597,4.820281565605037
2017-03-29,9.45,9.79,9.45,9.62,7.017373,22099100,3.933686762126661,4.8283137373023015
2017-03-30,9.58,9.74,9.53,9.54,6.959016,24202700,3.923342070082874,4.836281906951478
2017-03-31,9.37,9.68,9.24,9.5,6.929836,26562500,3.9112957113897724,4.844187086458591
2017-04-03,9.55,9.64,9.33,9.49,6.922543,22115300,3.902674203511976,4.852030263919617
2017-04-04,9.49,9.9,9.47,9.86,7.192441,23915100,3.9410448327744825,4.859812404361672
2017-04-05,10.08,10.1,9.41,9.43,6.878775,34057800,3.966699793339383,4.867534450455582
2017-04-06,9.47,9.56,9.12,9.16,6.681821,31218800,3.9815494485357292,4.875197323201151
2017-04-07,9.0,9.47,8.95,9.23,6.732884,31729000,3.9977677209669773,4.882801922586371
2017-04-10,9.23,9.3,9.02,9.24,6.740178,21461700,4.014477446820346,4.890349128221754
2017-04-11,9.27,9.27,8.82,9.15,6.674528,31273000,4.026673367236054,4.897839799950911
2017-04-12,8.89,8.9,8.65,8.74,6.37545,35434900,4.0417290248093,4.90527477843843
2017-04-13,8.78,8.94,8.7,8.72,6.360861,24141200,4.054980223518268,4.912654885736052
2017-04-17,8.75,8.83,8.6,8.8,6.419217,26949200,4.065860325792117,4.919980925828125
2017-04-18,8.53,8.66,8.42,8.57,6.251442,34558600,4.077270648429998,4.927253685157205
2017-04-19,8.76,8.8,8.47,8.51,6.207675,26897900,4.081525473494593,4.9344739331306915
2017-04-20,8.75,8.94,8.63,8.82,6.433806,33565100,4.079079561829498,4.941642422609304
2017-04-21,9.03,9.07,8.82,8.87,6.470279,29323100,4.070205525403357,4.948759890378168
2017-04-24,8.86,8.86,8.66,8.75,6.596941,24146400,4.049804120363525,4.955827057601261
2017-04-25,8.69,8.98,8.63,8.95,6.747728,29569700,4.021049244127288,4.962844630259907
2017-04-26,8.82,8.97,8.71,8.73,6.581861,33609200,3.989523509431099,4.969813299576001
2017-04-27,8.77,8.78,8.26,8.42,6.348141,37801900,3.964466884610157,4.976733742420574
2017-04-28,8.54,8.69,8.5,8.58,6.468771,17171200,3.9656558766691963,4.983606621708336
2017-05-01,8.58,8.78,8.51,8.68,6.544165,16427400,4.006414348032661,4.990432586778736
2017-05-02,8.79,8.9,8.66,8.82,6.649715,27232600,4.0467002369923275,4.997212273764115
2017-05-03,8.7,8.71,8.3,8.36,6.302906,35280800,4.0610930283641515,5.003946305945459
2017-05-04,8.07,8.07,7.84,7.95,5.993792,49988500,4.070762000110196,5.0106352940962555
2017-05-05,8.07,8.3,8.0,8.17,6.159657,37541600,4.10101704030719,5.017279836814924
2017-05-08,8.04,8.18,8.0,8.13,6.1295,27310200,4.124842009410592,5.0238805208462765
2017-05-09,8.24,8.42,8.2,8.26,6.227512,37800500,4.137089789799832,5.030437921392435
2017-05-10,8.53,8.54,8.27,8.36,6.302906,27077100,4.144910082059957,5.0369526024136295
2017-05-11,8.36,8.47,8.27,8.33,6.280287,26413600,4.15586467480646,5.043425116919247
2017-05-12,8.31,8.4,8.23,8.26,6.227512,20052400,4.167417486952095,5.049856007249537
2017-05-15,8.35,8.54,8.34,8.51,6.415997,24108000,4.175472750775726,5.056245805348308
2017-05-16,8.68,8.83,8.6,8.77,6.612019,27499200,4.163871990396836,5.062595033026967
2017-05-17,8.78,8.79,8.5,8.54,6.438613,22732600,4.169061388874027,5.0689042022202315
2017-05-18,7.49,8.24,7.47,8.0,6.031488,85122300,4.173440371772131,5.075173815233827
2017-05-19,8.34,8.55,8.28,8.42,6.348141,25211900,4.175884204279912,5.081404364984463
2017-05-22,8.35,8.6,8.3,8.49,6.400917,28057000,4.177188296175082,5.087596335232384
2017-05-23,8.36,8.7,8.35,8.63,6.506468,25211100,4.1752985957318876,5.093750200806762
2017-05-24,8.43,8.54,8.34,8.46,6.378299,26623500,4.170383863112745,5.099866427824199
2017-05-25,8.37,8.53,8.32,8.47,6.385839,24887800,4.160451576943369,5.10594547390058
2017-05-26,8.48,8.58,8.4,8.53,6.431074,16257800,4.145689475758062,5.111987788356544
2017-05-30,8.64,8.88,8.56,8.76,6.60448,25185100,4.13467024845009,5.117993812416755
2017-05-31,8.66,8.66,8.28,8.37,6.310445,38149400,4.126847335401281,5.123963979403259
2017-06-01,8.38,8.42,8.18,8.19,6.174736,22154200,4.142769309588279,5.1298987149230735
2017-06-02,8.32,8.32,8.14,8.21,6.189816,22730900,4.1618966241852915,5.135798437050262
2017-06-05,8.07,8.15,7.98,8.09,6.099343,21499000,4.179218680633294,5.14166355650266
2017-06-06,8.13,8.29,8.11,8.14,6.13704,18811900,4.177833047201583,5.147494476813453
2017-06-07,8.19,8.21,8.02,8.1,6.106882,16555900,4.186961040469472,5.153291594497779
2017-06-08,8.07,8.36,8.04,8.27,6.235051,29191300,4.191661073108417,5.159055299214529
2017-06-09,8.26,8.43,8.25,8.31,6.265209,26984300,4.187723229994726,5.1647859739235145
2017-06-12,8.31,8.35,8.0,8.13,6.1295,28140400,4.182591264930379,5.170483995038151
2017-06-13,8.02,8.11,7.91,8.0,6.031488,27976100,4.204906888427036,5.176149732573829
2017-06-14,8.14,8.15,7.88,7.95,5.993792,25769000,4.228233776984422,5.181783550292085
2017-06-15,7.79,7.92,7.65,7.84,5.910859,29113700,4.24632166819459,5.187385805840755
2017-06-16,7.85,7.92,7.73,7.88,5.941016,24826200,4.221331587062422,5.19295685089021
2017-06-19,7.91,8.2,7.91,8.03,6.054107,25775900,4.251580277484785,5.198497031265826
2017-06-20,7.9,7.92,7.68,7.77,5.858083,26112100,4.282024635751263,5.204006687076795
2017-06-21,7.9,8.06,7.86,7.95,5.993792,25074000,4.306235889787234,5.209486152841421
2017-06-22,7.97,8.25,7.97,8.1,6.106882,39189300,4.322943904892591,5.214935757608986
2017-06-23,8.18,8.28,8.03,8.17,6.159657,28376600,4.337633273572516,5.220355825078324
2017-06-26,8.32,8.37,8.24,8.34,6.287827,20459800,4.350781093981715,5.225746673713202
2017-06-27,8.52,8.75,8.41,8.42,6.348141,37975300,4.361128908766873,5.231108616854587
2017-06-28,8.64,8.79,8.57,8.72,6.574323,27564300,4.369627902697475,5.236441962829949
2017-06-29,8.86,8.93,8.63,8.74,6.589401,22201500,4.3765500018505445,5.241747015059643
2017-06-30,8.76,8.84,8.66,8.75,6.596941,17682200,4.381825321547954,5.247024072160486
2017-07-03,8.87,9.01,8.86,8.92,6.72511,12587400,4.389587014043175,5.25227342804663
2017-07-05,8.95,8.98,8.62,8.74,6.589401,31054800,4.38711906118583,5.2574953720277815
2017-07-06,8.71,8.76,8.56,8.76,6.60448,22549400,4.381105723842078,5.262690188904886
2017-07-07,8.89,8.91,8.6,8.77,6.612019,23310400,4.3775741273347135,5.267858159063328
2017-07-10,8.81,9.11,8.76,9.09,6.85328,25125100,4.367814635193524,5.272999558563747
2017-07-11,9.12,9.24,9.1,9.21,6.943751,20199600,4.359186912298558,5.278114659230517
2017-07-12,9.3,9.34,9.07,9.31,7.019145,24644800,4.350729035705969,5.2832037287379885
2017-07-13,9.3,9.31,8.99,9.07,6.8382,50708400,4.344337137522165,5.288267030694535
2017-07-14,9.18,9.3,9.15,9.25,6.973908,23995300,4.342270464537297,5.293304824724492
2017-07-17,9.37,9.49,9.27,9.3,7.011606,32473800,4.354212675765761,5.298317366548036
2017-07-18,9.36,9.45,9.27,9.42,7.102078,21226700,4.373308617082504,5.303304908059076
2017-07-19,9.5,9.54,9.38,9.42,7.102078,16723800,4.388900736152956,5.308267697401205
2017-07-20,9.3,9.35,9.07,9.13,6.883435,28557800,4.402233446462849,5.313205979041787
2017-07-21,9.23,9.24,8.97,9.02,6.800503,28733000,4.4103649645959315,5.318119993844216
2017-07-24,9.07,9.22,9.04,9.19,6.928673,20941000,4.42135342056134,5.3230099791384085
2017-07-25,9.41,9.66,9.4,9.57,7.215168,55246600,4.430796581873797,5.327876168789581
2017-07-26,9.58,9.63,9.37,9.39,7.079459,41177400,4.438902466606854,5.332718793265369
2017-07-27,9.37,9.54,9.24,9.41,7.094538,24826100,4.440236413624894,5.337538079701318
2017-07-28,9.4,9.69,9.37,9.67,7.290561,25810300,4.431692495038957,5.342334251964811
2017-07-31,9.93,10.08,9.88,10.03,7.561978,37636600,4.368764636665562,5.3471075307174685
2017-08-01,9.9,9.96,9.81,9.89,7.456428,21132100,4.358545127010902,5.351858133476067
2017-08-02,9.73,9.98,9.67,9.9,7.463967,24107700,4.34785189866021,5.356586274672012
2017-08-03,9.91,9.91,9.78,9.82,7.403651,13061700,4.333026442207343,5.3612921657094255
2017-08-04,9.89,10.06,9.78,9.97,7.516743,21540100,4.3172512290452465,5.365976015021851
2017-08-07,10.1,10.36,10.09,10.35,7.803239,24582400,4.313750327787554,5.3706380281276624
2017-08-08,10.15,10.4,10.02,10.2,7.690148,44411500,4.320308553112115,5.375278407684165
2017-08-09,10.09,10.21,10.01,10.04,7.569518,28459200,4.344100536989659,5.37989735354046
2017-08-10,10.11,10.14,9.84,9.85,7.42627,29824300,4.3701994232015275,5.384495062789089
2017-08-11,9.71,9.83,9.56,9.69,7.30564,25154700,4.397061667763101,5.389071729816501
2017-08-14,9.64,9.87,9.64,9.73,7.335797,33752000,4.4213394690113885,5.393627546352362
2017-08-15,9.7,9.8,9.56,9.78,7.373494,21438700,4.443490146919426,5.3981627015177525
2017-08-16,9.92,10.14,9.85,10.1,7.614755,45295500,4.464910113873073,5.402677381872279
2017-08-17,10.05,10.1,9.7,9.72,7.328259,31374500,4.484131129883727,5.407171771460119
2017-08-18,9.99,10.12,9.84,10.03,7.561978,30590500,4.501833381298498,5.4116460518550396
2017-08-21,10.16,10.23,9.96,9.99,7.531821,33831200,4.5182466416859866,5.41610040220442
2017-08-22,10.14,10.22,9.97,10.0,7.539361,22043000,4.532994480290818,5.420534999272286
2017-08-23,9.99,10.33,9.98,10.33,7.788159,27962800,4.544091842222951,5.424950017481403
2017-08-24,10.4,10.8,10.34,10.72,8.082195,35633700,4.55286426363447,5.429345628954441
2017-08-25,10.76,10.8,10.56,10.68,8.052036,32261500,4.5574266354905815,5.43372200355424
2017-08-28,10.67,10.9,10.62,10.82,8.157588,24179300,4.5582749798728335,5.438079308923196
2017-08-29,10.67,10.89,10.62,10.85,8.180205,22907500,4.556504578236803,5.442417710521793
2017-08-30,10.81,10.91,10.74,10.81,8.15005,19479100,4.55612521345142,5.44673737166631
2017-08-31,11.08,11.13,10.88,11.07,8.346072,43028700,4.556022656799969,5.4510384535657
2017-09-01,11.27,11.46,11.18,11.3,8.519478,25502600,4.5535356559979805,5.455321115357702
2017-09-05,11.61,11.65,11.2,11.38,8.579793,46083900,4.5508775189344925,5.459585514144159
2017-09-06,11.38,11.56,11.32,11.5,8.670264,25916100,4.549020257977387,5.4638318050256105
2017-09-07,11.52,11.72,11.49,11.64,8.775815,16835200,4.545473356293695,5.4680601411351315
2017-09-08,11.47,11.52,11.08,11.11,8.376229,44852800,4.541924586415784,5.472270673671475
2017-09-11,11.24,11.36,11.2,11.25,8.48178,19865100,4.538481021591097,5.476463551931511
2017-09-12,11.29,11.43,11.22,11.29,8.511938,20173800,4.534711595196728,5.480638923341991
2017-09-13,11.08,11.11,10.89,11.04,8.323455,31600200,4.531865229744444,5.484796933490655
2017-09-14,10.77,10.78,10.54,10.74,8.097274,41595600,4.529414459911503,5.488937726156687
2017-09-15,10.7,10.89,10.67,10.85,8.180205,25929900,4.527021572657055,5.493061443340548
2017-09-18,10.85,10.98,10.82,10.91,8.225442,22894700,4.528124248993413,5.497168225293202
2017-09-19,10.74,10.8,10.57,10.78,8.127431,30295400,4.526511365540949,5.501258210544727
2017-09-20,10.81,10.83,10.39,10.59,7.984183,36281300,4.527638523696468,5.5053315359323625
2017-09-21,10.24,10.41,10.2,10.32,7.78062,42322900,4.5286730703499,5.5093883366279774
2017-09-22,10.28,10.28,10.12,10.16,7.659991,28921200,4.526623488431388,5.5134287461649825
2017-09-25,10.25,10.25,9.8,9.85,7.42627,38577300,4.523944275182905,5.517452896464707
2017-09-26,9.95,10.05,9.9,9.9,7.463967,21794100,4.523164464225515,5.521460917862246
2017-09-27,10.01,10.05,9.69,9.99,7.531821,39237600,4.523429543533762,5.5254529391317835
2017-09-28,9.88,9.96,9.78,9.94,7.494124,25772100,4.4484569877914515,5.529429087511423
2017-09-29,10.13,10.14,9.94,10.07,7.592135,26671800,4.446730061048024,5.53338948872752
2017-10-02,10.11,10.17,10.05,10.06,7.584597,16415000,4.44931434326809,5.537334267018537
2017-10-03,10.12,10.31,10.03,10.31,7.773082,37115000,4.455000686572696,5.541263545158426
2017-10-04,10.4,10.54,10.35,10.37,7.818317,28213000,4.458635784302403,5.545177444479562
2017-10-05,10.53,10.54,10.18,10.19,7.682608,21930800,4.463225777532244,5.54907608489522
2017-10-06,10.1,10.15,10.0,10.13,7.637372,18157400,4.466887631539443,5.552959584921617
2017-10-09,10.0,10.04,9.76,9.81,7.396113,21734000,4.474096772498012,5.556828061699537
2017-10-10,9.83,9.91,9.74,9.82,7.403651,29726000,4.481831686209291,5.560681631015528
2017-10-11,9.75,9.91,9.72,9.79,7.381034,28731300,4.485016543772345,5.564520407322694
2017-10-12,9.78,9.97,9.72,9.86,7.433809,21165800,4.483086695668746,5.568344503761097
2017-10-13,10.16,10.48,10.16,10.45,7.878632,59731000,4.478873653293151,5.572154032177765
2017-10-16,10.57,10.65,10.32,10.5,7.916329,41961000,4.47430157834359,5.575949103146316
2017-10-17,10.41,10.46,10.22,10.26,7.735384,24116400,4.473029727182338,5.579729825986222
2017-10-18,10.22,10.23,9.95,10.15,7.652452,23445800,4.479017912283512,5.583496308781699
2017-10-19,10.02,10.35,9.97,10.33,7.788159,23340600,4.4829531190406025,5.58724865840025
2017-10-20,10.49,10.56,10.28,10.28,7.750463,37692100,4.491290257999067,5.5909869805108565
2017-10-23,10.23,10.34,10.05,10.05,7.577057,19053500,4.501270787492837,5.594711379601839
2017-10-24,10.04,10.39,10.03,10.38,7.825856,28658100,4.512236664475103,5.598421958998375
2017-10-25,10.38,10.41,10.12,10.33,7.788159,22195700,4.522738177896779,5.602118820879701
2017-10-26,10.3,10.3,9.88,9.88,7.448889,38367800,4.533762168692909,5.605802066295998
2017-10-27,9.8,10.06,9.75,10.01,7.546899,26139800,4.54541443392435,5.60947179518496
2017-10-30,9.86,10.09,9.73,9.82,7.403651,35214300,4.557328542066468,5.6131281063880705
2017-10-31,9.76,9.95,9.74,9.79,7.381034,21006100,4.570202257160102,5.616771097666572
2017-11-01,10.02,10.16,9.96,10.04,7.569518,30209100,4.586178164723608,5.62040086571715
2017-11-02,10.07,10.26,9.97,10.26,7.735384,24143400,4.602181097153504,5.6240175061873385
2017-11-03,10.19,10.22,9.95,10.09,7.607214,31077100,4.617711759652538,5.627621113690637
2017-11-06,10.33,10.54,10.32,10.53,7.938947,30540200,4.6317554942328645,5.631211781821365
2017-11-07,10.44,10.47,10.23,10.32,7.78062,25876000,4.64471913333567,5.634789603169249
2017-11-08,10.43,10.44,10.25,10.39,7.833395,18140900,4.655821926475935,5.638354669333745
2017-11-09,10.16,10.23,10.03,10.13,7.637372,18712700,4.66403238447373,5.641907070938114
2017-11-10,10.03,10.11,9.91,10.07,7.592135,21940600,4.6690024357764734,5.645446897643238
2017-11-13,9.94,10.19,9.92,10.1,7.614755,19119600,4.673722998291584,5.648974238161206
2017-11-14,9.99,10.05,9.64,9.77,7.365956,33641000,4.6786986245862705,5.652489180268651
2017-11-15,9.58,9.87,9.53,9.86,7.433809,24127600,4.676651895574748,5.655991810819852
2017-11-16,9.94,10.0,9.78,9.97,7.516743,21899100,4.685836881749512,5.659482215759621
2017-11-17,9.93,10.18,9.86,10.11,7.622294,17791100,4.688969318101286,5.662960480135946
2017-11-20,10.2,10.2,9.94,10.12,7.629832,22112600,4.691528290115738,5.666426688112432
2017-11-21,10.28,10.5,10.25,10.46,7.886171,32473600,4.698021741610453,5.66988092298052
2017-11-22,10.62,10.84,10.6,10.77,8.119891,32878300,4.704626760482905,5.673323267171493
2017-11-24,10.94,11.13,10.92,10.98,8.278218,15035700,4.708731458736798,5.676753802268282
2017-11-27,11.01,11.02,10.88,10.91,8.225442,15164900,4.715479365189644,5.680172609017068
2017-11-28,11.04,11.42,11.0,11.33,8.542095,47030200,4.7252431075823,5.683579767338681
2017-11-29,11.24,11.31,10.99,11.01,8.300837,28598100,4.735169298006966,5.68697535633982
2017-11-30,10.98,11.01,10.63,10.7,8.067114,30420300,4.743624150759269,5.69035945432406
2017-12-01,10.82,11.04,10.68,10.9,8.217904,24423800,4.7517088928763584,5.6937321388027
2017-12-04,11.15,11.41,11.1,11.32,8.534555,43755500,4.759369933979128,5.697093486505405
2017-12-05,11.22,11.47,11.07,11.07,8.346072,31164200,4.76610797886852,5.700443573390687
2017-12-06,11.01,11.09,10.88,11.0,8.293296,22513000,4.772734656843479,5.703782474656201
2017-12-07,10.57,10.76,10.55,10.74,8.097274,20019200,4.778902948784297,5.707110264748875
2017-12-08,10.85,10.89,10.7,10.78,8.127431,22964100,4.783906338049551,5.71042701737487
2017-12-11,10.85,10.94,10.8,10.84,8.172667,18821100,4.788536200377421,5.713732805509369
2017-12-12,10.64,11.06,10.64,11.06,8.338533,29650800,4.792528682832473,5.717027701406222
2017-12-13,10.96,11.02,10.87,10.98,8.278218,25430200,4.79577933331175,5.720311776607412
2017-12-14,10.84,10.97,10.83,10.89,8.210364,21399200,4.796401870189388,5.723585101952381
2017-12-15,11.06,11.28,11.03,11.17,8.421467,30571800,4.796610035664955,5.726847747587197
2017-12-18,11.41,11.58,11.38,11.55,8.707962,23132800,4.797347818801672,5.730099782973574
2017-12-19,11.52,11.6,11.45,11.56,8.715501,17696600,4.797113910618907,5.733341276897746
2017-12-20,11.71,11.94,11.69,11.87,8.949222,27767500,4.79624896490516,5.736572297479192
2017-12-21,11.94,12.08,11.89,12.05,9.084929,22879200,4.793200312568396,5.739792912179234
2017-12-22,12.0,12.03,11.87,11.92,9.082644,11862300,4.789944229248674,5.7430031878094825
2017-12-26,11.9,12.11,11.82,12.08,9.204559,16113400,4.787330780227212,5.746203190540153
2017-12-27,12.09,12.12,11.98,11.99,9.135982,12115300,4.784473903130339,5.749392985908253
2017-12-28,12.13,12.2,12.1,12.18,9.280755,12459600,4.670326702359954,5.752572638825633
2017-12-29,12.11,12.3,12.07,12.23,9.318851,13083500,4.672172185287223,5.755742213586912
2018-01-02,12.55,12.8,12.51,12.77,9.730314,19189400,4.674661184878374,5.75890177387728
2018-01-03,12.8,12.87,12.68,12.85,9.791272,20449600,4.6777996517002,5.762051382780177
2018-01-04,13.03,13.09,12.82,12.83,9.776032,22033100,4.681418298155601,5.765191102784844
2018-01-05,12.8,13.09,12.73,13.09,9.974145,20042800,4.684641130545895,5.768320995793772
2018-01-08,13.26,13.32,13.18,13.32,10.149397,17507000,4.687913926560472,5.771441123130016
2018-01-09,13.4,13.42,13.18,13.24,10.08844,31204900,4.690893196954144,5.7745515455444085
2018-01-10,13.1,13.21,13.05,13.15,10.019863,16253500,4.69426415774598,5.777652323222656
2018-01-11,13.21,13.46,13.2,13.45,10.248453,15011400,4.697445574076983,5.780743515792329
2018-01-12,13.51,13.57,13.42,13.53,10.30941,19012500,4.700756724713628,5.783825182329737
2018-01-16,13.28,13.31,13.08,13.17,10.035103,40821800,4.703917010957614,5.786897381366708
2018-01-17,13.22,13.36,13.2,13.35,10.172257,29387800,4.707728468247199,5.7899601708972535
2018-01-18,13.42,13.49,13.24,13.35,10.172257,26257100,4.71124025889726,5.793013608384144
2018-01-19,13.4,13.43,13.23,13.36,10.179874,26213200,4.715030354519278,5.796057750765372
2018-01-22,13.28,13.32,13.15,13.32,10.149397,19763900,4.7189239829252285,5.799092654460526
2018-01-23,12.79,12.83,12.58,12.7,9.676977,49237000,4.722055040507316,5.802118375377063
2018-01-24,12.99,13.31,12.84,13.18,10.042723,36168800,4.724936323324122,5.805134968916488
2018-01-25,13.27,13.28,12.91,12.95,9.867469,26615500,4.727496402480002,5.808142489980444
2018-01-26,13.03,13.19,12.89,13.11,9.989383,28822100,4.7301446353327,5.811140992976701
2018-01-29,13.21,13.24,12.97,13.05,9.943666,15009000,4.732520473606227,5.814130531825066
2018-01-30,13.06,13.11,12.89,12.99,9.897948,21874000,4.735524913175183,5.817111159963204
2018-01-31,13.41,13.42,12.93,13.09,9.974145,26612200,4.738639200071319,5.820082930352362
2018-02-01,13.09,13.35,13.08,13.18,10.042723,25301600,4.741375896252074,5.823045895483019
2018-02-02,12.87,12.93,12.53,12.54,9.555063,32446800,4.744342842794505,5.82600010738045
2018-02-05,12.64,12.96,12.15,12.39,9.440768,35992500,4.746970348655714,5.8289456176102075
2018-02-06,12.33,13.1,12.28,13.06,9.951286,37584900,4.749535405913868,5.831882477283517
2018-02-07,13.0,13.14,12.68,12.71,9.684598,43237900,4.752391996486037,5.834810737062605
2018-02-08,12.75,12.87,12.34,12.36,9.417909,42211000,4.756026058460102,5.8377304471659395
2018-02-09,12.74,12.93,12.36,12.91,9.83699,47709800,4.759650904053265,5.840641657373398
2018-02-12,12.99,13.17,12.93,13.07,9.958905,24525500,4.7625236857890565,5.84354441703136
2018-02-13,13.01,13.32,12.98,13.27,10.1113,20546800,4.763771946451442,5.846438775057725
2018-02-14,13.1,14.0,13.08,14.0,10.667535,43366600,4.761055742871166,5.849324779946859
2018-02-15,14.03,14.18,13.92,14.13,10.766591,28524700,4.7547056009561866,5.8522024797744745
2018-02-16,14.04,14.37,13.95,14.12,10.75897,25933300,4.745756839765944,5.855071922202427
2018-02-20,14.06,14.29,13.83,13.98,10.652293,24613300,4.736144717328095,5.857933154483459
2018-02-21,14.04,14.1,13.64,13.66,10.408466,31768700,4.728084679578872,5.860786223465865
2018-02-22,13.92,14.0,13.8,13.98,10.652293,17293100,4.719117020262565,5.863631175598097
2018-02-23,14.2,14.22,14.02,14.2,10.819928,27465400,4.713838122154578,5.8664680569332965
2018-02-26,14.5,14.67,14.36,14.65,11.162812,26454300,4.710106279361675,5.869296913133774
2018-02-27,14.57,14.62,14.31,14.49,11.040898,27432500,4.710832955505536,5.872117789475416
2018-02-28,14.38,14.42,13.71,13.73,10.461803,35671100,4.709611006875975,5.87493073085203
2018-03-01,13.85,13.96,13.41,13.58,10.347508,30551400,4.71096568082507,5.877735781779639
2018-03-02,13.32,13.42,13.05,13.39,10.202735,25153100,4.716697404445529,5.8805329864007
2018-03-05,13.18,13.45,13.09,13.42,10.225593,18988200,4.724484823921344,5.883322388488279
2018-03-06,13.83,13.85,13.47,13.53,10.30941,19124500,4.733024843728248,5.886104031450156
2018-03-07,13.14,13.25,12.96,13.14,10.125245,22644500,4.743518415752694,5.8888779583328805
2018-03-08,12.93,12.93,12.6,12.68,9.770785,23915400,4.754320403036589,5.8916442118257715
2018-03-09,12.71,12.96,12.71,12.89,9.932604,19224600,4.763556320117207,5.8944028342648505
2018-03-12,12.94,13.03,12.81,13.0,10.017366,14537600,4.776533886201044,5.8971538676367405
2018-03-13,13.04,13.14,12.84,12.9,9.940308,25006700,4.79208246671112,5.8998973535824915
2018-03-14,13.18,13.27,12.98,13.04,10.048187,14643000,4.80692286379306,5.902633333401366
2018-03-15,12.95,12.96,12.77,12.85,9.90178,14517300,4.821158699275878,5.905361848054571
2018-03-16,12.79,12.92,12.78,12.8,9.863252,16524900,4.835159310801063,5.908082938168931
2018-03-19,12.47,12.53,12.33,12.47,9.608966,24253200,4.848776905739439,5.910796644040527
2018-03-20,12.47,12.68,12.35,12.55,9.67061,14800800,4.862261713913081,5.91350300563827
2018-03-21,12.55,13.0,12.55,12.99,10.009659,31293300,4.875243398630758,5.916202062607435
2018-03-22,12.63,12.79,12.56,12.58,9.693727,29232900,4.887946789532567,5.918893854273146
2018-03-23,12.51,12.76,12.41,12.51,9.639789,22766200,4.899888245466409,5.921578419643816
2018-03-26,12.76,12.78,12.55,12.69,9.77849,15387300,4.911187046325961,5.924255797414532
2018-03-27,12.7,12.7,12.17,12.23,9.424028,19889200,4.922544182471475,5.926926025970411
2018-03-28,12.1,12.49,11.93,12.45,9.593554,37067400,4.933580674379559,5.929589143389895
2018-03-29,12.59,12.89,12.59,12.72,9.801607,23227100,4.944288826535763,5.932245187448011
2018-04-02,12.83,13.07,12.78,12.91,9.948015,26529100,4.954665941452117,5.934894195619588
2018-04-03,13.07,13.11,12.72,12.78,9.84784,15174900,4.964429469915643,5.937536205082426
2018-04-04,12.44,12.72,12.35,12.65,9.747666,17570300,4.973978371424327,5.940171252720432
2018-04-05,12.99,13.12,12.82,12.95,9.978837,18417600,4.982484327664964,5.942799375126701
2018-04-06,12.69,12.84,12.47,12.66,9.755372,14968600,4.990935218049011,5.945420608606575
2018-04-09,12.61,12.7,12.41,12.5,9.632081,17475600,4.998866697485549,5.948034989180646
2018-04-10,12.85,13.12,12.76,13.1,10.094422,23925000,5.005648357672197,5.950642552587727
2018-04-11,13.1,13.2,12.97,13.14,10.125245,20759600,5.013397924110957,5.953243334287785
2018-04-12,13.15,13.23,13.02,13.08,10.079011,10912000,5.020980921048817,5.955837369464831
2018-04-13,13.19,13.23,12.99,13.12,10.109834,11154500,5.028780895221545,5.958424693029782
2018-04-16,13.11,13.12,12.88,12.98,10.001953,11267800,5.036367750247312,5.961005339623274
2018-04-17,13.12,13.48,13.09,13.44,10.356414,21523300,5.042842344888635,5.963579343618446
2018-04-18,13.83,14.18,13.82,14.01,10.795638,31348200,5.049229409699586,5.966146739123692
2018-04-19,14.02,14.16,13.92,14.12,10.880399,19540800,5.055693176631101,5.968707559985366
2018-04-20,13.95,14.05,13.85,14.0,10.787932,15848500,5.06177212477729,5.971261839790462
2018-04-23,13.74,13.95,13.65,13.74,10.587584,15413700,5.068267098800686,5.973809611869261
2018-04-24,13.83,14.02,13.78,13.95,10.749404,30104000,5.074134283895822,5.976350909297934
2018-04-25,13.65,13.87,13.52,13.68,10.541351,26222700,5.079554798508962,5.978885764901122
2018-04-26,13.72,14.07,13.59,14.0,10.787932,21626400,5.0848174300188385,5.981414211254481
2018-04-27,14.1,14.11,13.77,13.95,10.749404,20651200,5.090057861952572,5.983936280687191
2018-04-30,13.89,14.03,13.83,13.84,10.664641,13101700,5.095090160606378,5.986452005284438
2018-05-01,13.91,13.91,13.4,13.54,10.433472,15790200,5.099654054160935,5.988961416889864
2018-05-02,13.79,13.92,13.67,13.73,10.57988,17546000,5.1046998270431,5.991464547107982
2018-05-03,13.79,13.98,13.62,13.89,10.70317,19727300,5.109429902842295,5.993961427306569
2018-05-04,13.9,14.17,13.87,14.08,10.849577,19284700,5.113970544277313,5.996452088619021
2018-05-07,13.96,14.03,13.83,13.85,10.672346,14285900,5.118932788537108,5.998936561946683
2018-05-08,13.72,13.92,13.68,13.74,10.587584,24389200,5.124071086676746,6.0014148779611505
2018-05-09,13.78,13.99,13.7,13.93,10.733992,17699700,5.129167357476517,6.003887067106539
2018-05-10,14.17,14.48,14.16,14.44,11.126981,20393900,5.134269441111574,6.0063531596017325
2018-05-11,14.59,14.95,14.48,14.61,11.257977,22860800,5.139040538716089,6.008813185442595
2018-05-14,14.83,15.0,14.74,14.97,11.535382,24825200,5.143283042597492,6.0112671744041615
2018-05-15,14.58,14.93,14.47,14.91,11.489148,23023500,5.1479563930984416,6.013715156042802
2018-05-16,15.11,15.24,15.05,15.13,11.658671,23501500,5.152700895157107,6.016157159698354
2018-05-17,14.96,15.09,14.88,15.03,11.581616,24579200,5.157258279739935,6.018593214496234
2018-05-18,14.71,14.87,14.3,14.58,11.234859,24136200,5.161255977818655,6.021023349349527
2018-05-21,14.81,14.85,14.38,14.41,11.103865,20891700,5.164807714020853,6.023447592961033
2018-05-22,14.29,14.53,14.26,14.39,11.088453,25521700,5.166786276490927,6.025865973825314
2018-05-23,14.16,14.42,14.07,14.34,11.049925,22170200,5.168103679185785,6.028278520230698
2018-05-24,14.53,14.57,14.17,14.41,11.103865,22502400,5.169383564012361,6.030685260261263
2018-05-25,14.21,14.22,13.95,14.03,10.811049,19190100,5.170646853471227,6.0330862217988015
2018-05-29,13.73,14.0,13.4,13.44,10.356414,31951400,5.17174284146773,6.035481432524756
2018-05-30,13.43,13.78,13.36,13.54,10.433472,25823000,5.172764395493111,6.037870919922137
2018-05-31,13.69,13.8,13.57,13.6,10.479706,16175800,5.027910189618685,6.040254711277414
2018-06-01,13.79,14.11,13.53,14.03,10.811049,29578900,5.032408046580271,6.042632833682381
2018-06-04,14.17,14.22,13.83,14.06,10.834166,24701400,5.0364068377465125,6.045005314036012
2018-06-05,14.13,14.34,14.06,14.16,10.911222,24926300,5.040040040323971,6.0473721790462776
2018-06-06,14.37,14.73,14.3,14.62,11.265683,25289300,5.042623672721044,6.049733455231958
2018-06-07,14.48,14.48,13.43,13.84,10.664641,43383000,5.044512040305396,6.052089168924417
2018-06-08,14.03,14.1,13.62,13.75,10.59529,28900400,5.046863370416311,6.054439346269371
2018-06-11,13.87,14.08,13.65,13.69,10.549056,18471100,5.049526094752367,6.056784013228625
2018-06-12,13.82,14.15,13.8,13.96,10.757109,20107500,5.047831919066966,6.059123195581797
2018-06-13,13.98,14.03,13.68,13.91,10.71858,17384300,5.048234294952168,6.061456918928017
2018-06-14,13.9,13.94,13.62,13.66,10.525938,28759100,5.048943289379761,6.063785208687608
2018-06-15,13.51,13.51,13.06,13.17,10.148361,24647600,5.0510525115026335,6.066108090103747
2018-06-18,12.91,13.24,12.87,13.17,10.148361,18941500,5.051579077859037,6.068425588244111
2018-06-19,12.6,13.1,12.53,12.97,9.994248,27100300,5.050718036485164,6.07073772800249
2018-06-20,13.17,13.19,12.87,12.99,10.009659,20477900,5.053206731229824,6.073044534100405
2018-06-21,12.92,12.96,12.56,12.58,9.693727,22502100,5.056667155297519,6.075346031088684
2018-06-22,12.86,12.9,12.66,12.81,9.870959,26227600,5.060924410495563,6.077642243349034
2018-06-25,12.64,12.72,12.28,12.54,9.662905,27013900,5.065472079728501,6.07993319509559
2018-06-26,12.68,12.82,12.38,12.77,9.840135,25369600,5.0695368759804795,6.082218910376446
2018-06-27,12.72,12.91,12.44,12.46,9.601259,20472300,5.073918187715984,6.0844994130751715
2018-06-28,12.42,12.89,12.41,12.78,9.84784,20094500,5.078859408222017,6.0867747269123065
2018-06-29,12.92,13.02,12.73,12.82,9.878663,13056200,5.08361508889304,6.089044875446846
2018-07-02,12.53,12.64,12.47,12.49,9.624376,13949000,5.088203140528886,6.091309882077698
2018-07-03,12.69,12.73,12.49,12.55,9.67061,9950500,5.0922954045170945,6.093569770045136
2018-07-05,12.42,12.75,12.42,12.68,9.770785,13585100,5.096405887757929,6.095824562432225
2018-07-06,12.6,13.09,12.56,13.03,10.040483,16293500,5.100472647365711,6.09807428216624
2018-07-09,13.2,13.23,12.91,13.17,10.148361,12214400,5.105157023509322,6.100318952020064
2018-07-10,13.17,13.23,12.95,13.09,10.086716,13503100,5.10949842964043,6.102558594613569
2018-07-11,12.76,12.85,12.56,12.65,9.747666,17221100,5.113462647578118,6.104793232414985
2018-07-12,12.82,13.12,12.71,13.02,10.032778,20858000,5.1173234480180145,6.1070228877422545
2018-07-13,13.17,13.2,12.88,13.14,10.125245,15341400,5.121563941103317,6.1092475827643655
2018-07-16,13.12,13.15,12.87,12.99,10.009659,10407700,5.125534389431301,6.111467339502679
2018-07-17,13.04,13.3,13.0,13.25,10.210008,15672100,5.129527255908693,6.113682179832232
2018-07-18,13.4,13.49,13.22,13.41,10.333297,14539400,5.13379128065584,6.115892125483034
2018-07-19,13.1,13.13,12.75,12.88,9.924898,22365200,5.138116368557826,6.118097198041348
2018-07-20,13.03,13.16,12.92,12.93,9.963427,17615200,5.14235892656893,6.12029741895095
2018-07-23,12.96,13.28,12.82,13.17,10.148361,20975800,5.146456624829845,6.1224928095143865
2018-07-24,13.9,13.95,13.72,13.77,10.610702,27399800,5.150458019156945,6.124683390894205
2018-07-25,13.77,14.0,13.7,14.0,10.787932,23886600,5.154144111114042,6.126869184114185
2018-07-26,14.25,14.3,14.09,14.11,10.872695,32548100,5.157386041194041,6.129050210060545
2018-07-27,14.36,14.5,14.31,14.44,11.126981,21934000,5.160339883600669,6.131226489483141
2018-07-30,14.57,14.59,14.4,14.56,11.219449,20101100,5.163820460364321,6.133398042996649
2018-07-31,14.61,14.68,14.41,14.66,11.296505,22202500,5.167314584789052,6.135564891081739
2018-08-01,14.31,14.38,14.04,14.06,10.834166,26481700,5.17064966934286,6.137727054086234
2018-08-02,13.7,14.08,13.58,14.04,10.818754,22170000,5.174270475295827,6.139884552226255
2018-08-03,13.72,14.27,13.72,14.19,11.253344,18025700,5.177761311872764,6.142037405587356
2018-08-06,14.09,14.22,14.04,14.07,11.158178,13595100,5.181253734568613,6.144185634125646
2018-08-07,14.36,14.44,13.98,13.99,11.094735,22983700,5.184842598050789,6.1463292576688975
2018-08-08,14.14,14.21,13.87,13.95,11.063013,15753500,5.188394819524493,6.148468295917647
2018-08-09,13.96,13.98,13.59,13.63,10.809237,14824500,5.191720956355732,6.150602768446279
2018-08-10,13.3,13.48,13.15,13.39,10.618906,29513800,5.19498068776803,6.152732694704104
2018-08-13,13.34,13.55,13.19,13.37,10.603045,17537200,5.198072998838008,6.154858094016418
2018-08-14,13.45,13.67,13.32,13.64,10.817168,23441900,5.200602265024651,6.156978985585555
2018-08-15,13.26,13.29,12.9,12.94,10.262033,27791100,5.202954339008048,6.159095388491933
2018-08-16,13.13,13.16,12.72,12.75,10.111356,28370200,5.205321921118018,6.161207321695077
2018-08-17,12.57,13.06,12.57,13.0,10.309619,20983400,5.20757027017071,6.163314804034641
2018-08-20,13.06,13.13,12.96,13.03,10.333409,16115500,5.210047068788007,6.16541785423142
2018-08-21,12.88,13.07,12.79,12.84,10.18273,17378300,5.212048650459888,6.1675164908883415
2018-08-22,12.84,13.15,12.83,13.12,10.404783,12359000,5.214191829255865,6.169610732491456
2018-08-23,13.05,13.08,12.85,12.93,10.254105,12802800,5.216028852719836,6.171700597410915
2018-08-24,13.29,13.3,13.11,13.22,10.484089,11953400,5.2180992013565195,6.173786103901937
2018-08-27,13.33,13.65,13.32,13.59,10.777516,13883300,5.220452262006437,6.175867270105761
2018-08-28,13.67,13.74,13.34,13.44,10.658558,18481800,5.222944323002111,6.1779441140506
2018-08-29,13.5,13.59,13.4,13.44,10.658558,13354200,5.225323278857473,6.180016653652572
2018-08-30,13.36,13.41,13.04,13.17,10.444436,28786500,5.227655729172817,6.182084906716632
2018-08-31,13.2,13.29,12.99,13.2,10.468226,13374900,5.229735907558396,6.184148890937483
2018-09-04,12.82,12.82,12.52,12.55,9.952746,13966900,5.231979560632504,6.186208623900494
2018-09-05,12.55,12.75,12.43,12.62,10.00826,19611600,5.234066963430337,6.18826412308259
2018-09-06,12.77,13.05,12.74,12.99,10.301687,20815800,5.236252468716428,6.1903154058531475
2018-09-07,12.98,13.15,12.83,13.01,10.317548,15269500,5.238225121031695,6.192362489474872
2018-09-10,13.15,13.19,12.92,12.97,10.285826,9036100,5.23981045301732,6.194405391104672
2018-09-11,12.68,12.76,12.53,12.69,10.063773,13374900,5.241564030482659,6.19644412779452
2018-09-12,12.84,13.04,12.64,12.92,10.246174,18249700,5.243336320357752,6.198478716492308
2018-09-13,13.05,13.1,12.79,12.84,10.18273,14413300,5.244956845209763,6.20050917404269
2018-09-14,13.15,13.3,13.08,13.25,10.50788,16418300,5.246304305037284,6.202535517187923
2018-09-17,13.26,13.44,13.25,13.36,10.595114,12857400,5.247653561814839,6.20455776256869
2018-09-18,13.56,13.96,13.55,13.81,10.951987,19838100,5.249243075764208,6.206575926724928
2018-09-19,14.07,14.4,14.05,14.22,11.277136,21790900,5.252409659002956,6.208590026096629
2018-09-20,14.49,14.56,14.29,14.52,11.51505,18801600,5.255840147408718,6.210600077024653
2018-09-21,14.65,15.1,14.63,15.06,11.943295,27725600,5.2595280666241475,6.212606095751519
2018-09-24,14.97,15.19,14.75,14.79,11.729173,17073500,5.263090896312087,6.214608098422191
2018-09-25,14.68,15.26,14.68,15.25,12.093974,23175100,5.266563818312551,6.2166061010848646
2018-09-26,15.26,15.29,14.82,14.99,11.887781,30406400,5.270035995442731,6.218600119691729
2018-09-27,15.0,15.02,14.7,14.84,11.768826,16933400,5.272489478928334,6.220590170099739
2018-09-28,14.77,15.13,14.76,14.84,11.768826,17512700,5.274849166047808,6.222576268071369
2018-10-01,14.81,15.13,14.7,15.03,11.919504,13293900,5.2773558780557455,6.22455842927536
2018-10-02,15.35,15.8,15.29,15.62,12.387403,34345800,5.279821858871671,6.226536669287466
2018-10-03,15.78,16.129999,15.29,15.45,12.252584,40515600,5.282366886873942,6.2285110035911835
2018-10-04,15.5,15.52,14.98,15.1,11.975018,21482400,5.285213449985368,6.230481447578482
2018-10-05,14.87,15.08,14.81,15.01,11.903644,23207600,5.287604692168923,6.2324480165505225
2018-10-08,15.04,15.36,14.91,15.21,12.062253,28973100,5.290187001844697,6.234410725718371
2018-10-09,15.34,15.64,15.14,15.54,12.323958,21207800,5.293526793250062,6.236369590203704
2018-10-10,15.47,15.53,14.85,14.85,11.776755,23336400,5.2962532970381,6.238324625039508
2018-10-11,15.0,15.29,14.84,14.95,11.85606,20463600,5.298694763044293,6.240275845170769
2018-10-12,15.3,15.49,15.05,15.26,12.101906,17613800,5.301335954057127,6.2422232654551655
2018-10-15,15.4,15.69,15.16,15.46,12.260514,20372000,5.304032545364899,6.244166900663736
2018-10-16,15.88,15.9,15.34,15.48,12.276375,22208200,5.30657744424851,6.246106765481563
2018-10-17,15.76,16.02,15.5,15.93,12.633246,27537200,5.309343459696707,6.248042874508429
2018-10-18,15.85,15.85,15.08,15.15,12.014669,28358600,5.312254072653409,6.249975242259483
2018-10-19,15.33,15.55,15.13,15.26,12.101906,18725900,5.31485845512126,6.251903883165888
2018-10-22,15.59,15.79,15.45,15.77,12.506359,22923100,5.3165087488037965,6.253828811575473
2018-10-23,15.36,15.4,14.98,15.23,12.078113,29588600,5.317188596881575,6.255750041753367
2018-10-24,15.55,15.57,14.45,14.5,11.499189,29566000,5.3175553834055105,6.257667587882639
2018-10-25,14.94,14.97,14.38,14.72,11.67366,29501000,5.316327284621436,6.259581464064923
2018-10-26,14.5,15.21,14.48,15.07,11.951226,39050000,5.315250581409512,6.261491684321042
2018-10-29,15.35,15.41,14.1,14.27,11.316789,39303700,5.312332324678664,6.263398262591624
2018-10-30,14.33,14.69,14.23,14.59,11.570564,28975400,5.31050245855217,6.26530121273771
2018-10-31,14.76,15.18,14.73,15.1,11.975018,26204500,5.307715357871949,6.267200548541362
2018-11-01,15.26,15.73,14.93,15.52,12.308098,20387800,5.304945781979175,6.269096283706261
2018-11-02,15.63,15.92,15.21,15.45,12.252584,19612200,5.305480891962904,6.270988431858299
2018-11-05,15.51,15.63,15.29,15.4,12.212933,13491500,5.306632761448323,6.272877006546167
2018-11-06,15.34,15.44,15.12,15.29,12.125696,12682800,5.3078122561748495,6.274762021241939
2018-11-07,15.35,15.42,15.15,15.32,12.149488,11247900,5.308929453421356,6.2766434893416445
2018-11-08,15.45,15.63,15.08,15.17,12.030531,13839200,5.3088836063144855,6.278521424165844
2018-11-09,15.03,15.04,14.38,14.6,11.578494,35420800,5.307516043795767,6.280395838960195
2018-11-12,14.68,14.7,14.41,14.46,11.467467,18640000,5.3072082982630695,6.282266746896006
2018-11-13,14.35,14.74,14.21,14.6,11.578494,23855200,5.30737491901675,6.284134161070802
2018-11-14,14.57,14.74,14.23,14.53,11.52298,23243900,5.3089766869864725,6.285998094508865
2018-11-15,14.52,14.99,14.51,14.93,11.840199,14805300,5.310901865667482,6.2878585601617845
2018-11-16,14.82,15.04,14.69,14.97,11.871922,16468700,5.313237348413853,6.289715570908998
2018-11-19,14.8,14.82,14.51,14.72,11.67366,14460000,5.3157418745553535,6.29156913955832
2018-11-20,14.42,14.42,13.79,14.07,11.158178,19791100,5.31866045071962,6.293419278846481
2018-11-21,14.21,14.37,14.13,14.35,11.380232,25058900,5.321561303812923,6.295266001439646
2018-11-23,13.66,13.67,13.13,13.26,10.51581,30503900,5.324497481952756,6.297109319933935
2018-11-26,12.75,13.15,12.65,12.75,10.111356,31244500,5.326967528506031,6.298949246855942
2018-11-27,12.67,12.94,12.55,12.89,10.222383,26799000,5.329309198893561,6.300785794663244
2018-11-28,13.17,13.57,12.93,13.52,10.722002,24391600,5.331898445581079,6.302618975744905
2018-11-29,13.54,13.59,13.23,13.47,10.68235,28832100,5.334100058838969,6.304448802421981
2018-11-30,13.49,13.87,13.39,13.7,10.864751,23454000,5.336269541943896,6.306275286948016
2018-12-03,14.22,14.28,13.94,14.08,11.166109,21391800,5.3388328532570775,6.3080984415095305
2018-12-04,14.03,14.18,13.55,13.6,10.785446,26542200,5.341391920690625,6.309918278226516
2018-12-06,13.04,13.56,12.95,13.53,10.729932,35775200,5.344472344470198,6.311734809152915
2018-12-07,13.56,13.73,13.06,13.14,10.420645,24976200,5.347160987482667,6.313548046277095
2018-12-10,12.93,13.04,12.71,12.86,10.19859,22182100,5.3498447191977725,6.315358001522335
2018-12-11,13.18,13.22,12.78,13.01,10.317548,27275400,5.352796971583561,6.317164686747284
2018-12-12,13.23,13.29,12.99,13.02,10.32548,18085400,5.355253025097348,6.318968113746434
2018-12-13,13.13,13.16,12.91,13.04,10.341339,17212000,5.357968133655587,6.320768294250582
2018-12-14,12.77,13.12,12.75,12.96,10.277895,23547100,5.3607660543575575,6.322565239927284
2018-12-17,13.12,13.41,12.95,13.03,10.333409,22045600,5.3636375524011,6.324358962381311
2018-12-18,13.19,13.36,13.08,13.19,10.460297,20005800,5.366715734355355,6.326149473155099
2018-12-19,13.37,13.5,12.62,12.73,10.095494,32017500,5.370114782195255,6.327936783729195
2018-12-20,13.13,13.25,12.77,12.94,10.262033,29154500,5.373031987695709,6.329720905522696
2018-12-21,13.09,13.23,12.83,12.9,10.230312,21755100,5.375839258887045,6.331501849893691
2018-12-24,12.82,13.03,12.59,12.6,9.992399,11224100,5.378256703761042,6.333279628139691
2018-12-26,12.68,13.07,12.55,13.07,10.36513,16587500,5.380036436817918,6.335054251498059
2018-12-27,12.7,12.99,12.65,12.99,10.301687,18651400,5.384072048731601,6.336825731146441
2018-12-28,13.05,13.16,12.92,13.02,10.32548,13777600,5.388925653023463,6.338594078203183
2018-12-31,13.17,13.26,13.05,13.19,10.460297,9599600,5.393380355350441,6.340359303727752
2019-01-02,12.94,13.48,12.92,13.47,10.68235,22120700,5.397732569513023,6.342121418721152
2019-01-03,13.36,13.38,12.82,12.83,10.174799,27666700,5.402212060369619,6.343880434126331
2019-01-04,13.35,14.09,13.34,14.02,11.118526,42880100,5.406417884549085,6.345636360828596
2019-01-07,14.23,14.28,13.8,13.83,10.967848,26186100,5.410273457591417,6.3473892096560105
2019-01-08,13.94,14.15,13.85,14.06,11.150249,20270400,5.413669804486709,6.349138991379798
2019-01-09,14.51,14.66,14.43,14.51,11.50712,30852000,5.417641751102584,6.35088571671474
2019-01-10,14.25,14.4,14.13,14.4,11.419885,18677100,5.421354266590614,6.352629396319567
2019-01-11,14.22,14.25,14.06,14.11,11.1899,17448300,5.424690107174576,6.354370040797351
2019-01-14,13.91,14.22,13.9,14.13,11.205762,14188100,5.427432246914336,6.3561076606958915
2019-01-15,14.26,14.26,13.91,14.06,11.150249,19092900,5.4311234924433895,6.3578422665081
2019-01-16,14.09,14.16,14.04,14.11,11.1899,16980600,5.435304231038485,6.359573868672378
2019-01-17,14.03,14.63,14.02,14.47,11.475397,29542100,5.439345973920307,6.361302477572996
2019-01-18,14.7,14.71,14.46,14.61,11.586424,24177000,5.443850944738995,6.363028103540465
2019-01-22,14.5,14.55,14.32,14.45,11.459536,28366800,5.448426366809465,6.364750756851911
2019-01-23,14.61,14.79,14.54,14.75,11.697452,19896800,5.452755432189283,6.366470447731438
2019-01-24,14.71,14.96,14.7,14.86,11.784686,24996900,5.456379426124247,6.368187186350492
2019-01-25,15.18,15.45,12.85,13.66,10.833029,157468400,5.45957721732377,6.369900982828227
2019-01-28,11.69,11.81,11.08,11.2,8.882132,150204000,5.463013804846043,6.371611847231857
2019-01-29,11.75,11.77,11.43,11.48,9.104185,84280700,5.46663607915195,6.373319789577012
2019-01-30,12.46,12.7,12.34,12.59,9.984468,96986200,5.470332975785164,6.375024819828097
2019-01-31,12.64,12.72,12.33,12.44,9.865511,44701900,5.47410456519843,6.376726947898627
2019-02-01,12.47,12.65,12.41,12.57,9.968608,27898100,5.478368945166724,6.3784261836515865
2019-02-04,12.13,12.21,11.79,12.15,9.635527,59850100,5.482485087750795,6.380122536899765
2019-02-05,12.12,12.18,11.94,12.11,9.603806,29661500,5.486155351388965,6.3818160174060985
2019-02-06,11.85,11.97,11.19,11.36,9.009019,67720800,5.489621435298625,6.3835066348840055
2019-02-07,11.27,11.39,11.03,11.17,8.85834,54779700,5.493091627563125,6.385194398997726
2019-02-08,10.98,11.63,10.89,11.39,9.032811,66887500,5.496767951038637,6.386879319362645
2019-02-11,11.46,11.47,11.08,11.22,8.897994,39647300,5.500576811460014,6.38856140554563
2019-02-12,11.31,11.91,11.27,11.85,9.397613,49077800,5.504526222565784,6.39024066706535
2019-02-13,12.15,12.27,11.97,12.0,9.51657,32913500,5.508247720878875,6.391917113392602
2019-02-14,11.97,12.23,11.94,12.14,9.627597,26821700,5.511894608395249,6.393590753950631
2019-02-15,12.29,12.37,12.16,12.33,9.778276,29025100,5.515612783228844,6.395261598115449
2019-02-19,12.16,12.32,12.14,12.19,9.667249,27907500,5.519601335101262,6.396929655216146
2019-02-20,12.08,12.38,12.07,12.23,9.698971,23507300,5.523464394426639,6.398594934535208
2019-02-21,12.04,12.13,11.96,12.03,9.540361,35357900,5.527182787016688,6.400257445308821
2019-02-22,12.17,12.51,12.17,12.5,9.913094,20253300,5.530793858272438,6.401917196727186
2019-02-25,12.57,12.6,12.37,12.55,9.952746,23818300,5.5345382242281875,6.403574197934815
2019-02-26,12.45,12.57,12.38,12.52,9.928955,13670700,5.538492904886272,6.405228458030842
2019-02-27,12.5,12.58,12.38,12.49,9.905164,24632300,5.542445486159802,6.406879986069314
2019-02-28,12.41,12.52,12.27,12.48,9.897233,23508400,5.546476024231256,6.408528791059498
2019-03-01,12.04,12.41,12.03,12.39,9.825859,37611000,5.55041207568628,6.410174881966167
2019-03-04,12.03,12.48,11.92,12.42,9.849649,32129700,5.554357568247401,6.411818267709897
2019-03-05,12.35,12.91,12.35,12.66,10.039981,25783800,5.558297167852794,6.413458957167357
2019-03-06,12.79,12.79,12.34,12.49,9.905164,35608700,5.5621804777089,6.415096959171596
2019-03-07,12.6,12.63,12.44,12.6,9.992399,30780900,5.565906977780351,6.416732282512326
2019-03-08,12.4,12.61,12.26,12.59,9.984468,21803600,5.5697231858947855,6.418364935936212
2019-03-11,12.76,12.99,12.74,12.99,10.301687,24991800,5.573394139755896,6.419994928147142
2019-03-12,12.98,13.21,12.97,13.05,10.34927,32748700,5.5770415783347085,6.421622267806518
2019-03-13,13.03,13.38,13.01,13.28,10.531671,27274300,5.580665499211274,6.423246963533519
2019-03-14,13.11,13.2,13.05,13.15,10.428575,19052800,5.5841694523477425,6.424869023905388
2019-03-15,13.19,13.4,13.16,13.2,10.468226,34941700,5.587496710632008,6.42648845745769
2019-03-18,13.12,13.32,13.01,13.28,10.531671,35198100,5.590868601794331,6.428105272684596
2019-03-19,13.42,13.98,13.37,13.7,10.864751,42430900,5.594210778101701,6.429719478039138
2019-03-20,13.56,13.65,13.36,13.49,10.698212,29029200,5.597149456428081,6.431331081933479
2019-03-21,13.55,13.62,13.23,13.46,10.674419,27701400,5.5997485810632925,6.432940092739179
2019-03-22,13.2,13.26,12.76,12.82,10.166869,35756100,5.602592937894585,6.434546518787453
2019-03-25,12.82,13.02,12.65,12.86,10.19859,27058600,5.605261861503067,6.436150368369428
2019-03-26,13.01,13.16,12.93,13.02,10.32548,16290700,5.607662086575677,6.437751649736401
2019-03-27,12.82,12.97,12.48,12.67,10.047912,25543500,5.610104379710339,6.439350371100098
2019-03-28,12.7,12.78,12.32,12.63,10.01619,19876000,5.6123928055489625,6.440946540632921
2019-03-29,12.89,13.27,12.89,13.06,10.357201,23143400,5.614850519314293,6.4425401664681985
2019-04-01,13.59,13.7,13.54,13.58,10.769586,24432900,5.617441937555247,6.444131256700441
2019-04-02,13.74,13.78,13.37,13.47,10.68235,16440100,,
2019-04-03,13.7,13.72,13.32,13.34,10.579253,24721400,,
2019-04-04,13.34,13.61,13.29,13.47,10.68235,20157700,,
2019-04-05,13.46,13.5,13.34,13.39,10.618906,12149700,,
2019-04-08,13.57,13.85,13.55,13.82,10.959917,16859600,,
2019-04-09,13.74,13.75,13.54,13.57,10.761655,15594100,,
2019-04-10,13.6,13.74,13.41,13.56,10.753724,31453000,,
2019-04-11,13.41,13.43,13.19,13.4,10.626837,20926500,,
2019-04-12,13.48,13.6,13.17,13.24,10.499949,15113000,,
2019-04-15,13.3,13.33,13.06,13.28,10.531671,15595700,,
2019-04-16,13.1,13.62,13.1,13.57,10.761655,24468100,,
2019-04-17,13.68,13.77,13.13,13.27,10.523741,22478200,,
2019-04-18,13.34,13.46,13.18,13.32,10.563393,10311500,,
2019-04-22,13.18,13.21,12.93,13.06,10.357201,14459600,,
2019-04-23,13.05,13.18,12.93,13.17,10.444436,18815300,,
2019-04-24,13.02,13.02,12.54,12.56,9.960677,26146400,,
2019-04-25,12.53,12.7,12.35,12.68,10.055843,14451200,,
2019-04-26,12.6,12.82,12.58,12.82,10.166869,12317000,,
2019-04-29,12.85,12.88,12.69,12.78,10.135147,11890100,,
2019-04-30,12.76,12.86,12.6,12.78,10.135147,14233100,,
2019-05-01,12.83,12.84,12.35,12.38,9.817928,17633000,,
2019-05-02,12.38,12.4,12.26,12.36,9.802067,15322300,,
2019-05-03,12.58,12.85,12.56,12.79,10.143078,17316500,,
2019-05-06,12.35,12.57,12.35,12.52,9.928955,16791200,,
2019-05-07,12.3,12.5,12.17,12.49,9.905164,18788900,,
2019-05-08,12.68,12.71,12.39,12.43,9.85758,19688000,,
2019-05-09,12.23,12.32,12.03,12.25,9.714832,22556300,,
2019-05-10,12.32,12.6,12.1,12.47,9.889303,24177600,,
2019-05-13,12.15,12.21,11.92,11.98,9.50071,25256100,,
2019-05-14,12.07,12.08,11.91,12.04,9.548291,20354200,,
2019-05-15,11.78,12.12,11.75,12.0,9.51657,13452800,,
2019-05-16,12.12,12.18,11.38,11.51,9.127976,50807400,,
2019-05-17,11.38,11.64,11.36,11.59,9.191421,32287800,,
2019-05-20,11.54,11.57,11.39,11.41,9.048673,20770500,,
2019-05-21,11.29,11.84,11.23,11.71,9.286587,26257600,,
2019-05-22,12.1,12.13,11.72,11.75,9.318308,18091000,,
2019-05-23,11.59,11.87,11.43,11.79,9.350031,14156700,,
2019-05-24,12.12,12.2,12.02,12.02,9.532431,28916700,,
2019-05-28,12.43,12.63,12.36,12.4,9.833789,28428000,,
2019-05-29,12.32,12.48,12.25,12.46,9.881372,20874900,,
2019-05-30,12.46,12.6,12.42,12.53,9.936885,14263900,,
2019-05-31,12.37,12.96,12.34,12.47,9.889303,28326100,,
2019-06-03,12.55,12.61,12.37,12.48,9.897233,19101800,,
2019-06-04,12.62,12.66,12.44,12.64,10.02412,21207000,,
2019-06-05,12.63,12.66,12.28,12.41,9.841721,14184800,,
2019-06-06,12.51,12.59,12.4,12.53,9.936885,13842100,,
2019-06-07,12.48,12.66,12.44,12.53,9.936885,16036300,,
2019-06-10,12.58,12.63,12.4,12.42,9.849649,21973200,,
2019-06-11,12.91,13.31,12.87,13.26,10.51581,44946800,,
2019-06-12,13.36,13.44,13.15,13.23,10.492018,22120500,,
2019-06-13,13.49,13.57,13.34,13.43,10.650628,19151600,,
2019-06-14,13.31,13.33,13.05,13.12,10.404783,17962200,,
2019-06-17,13.12,13.14,12.83,12.87,10.206521,13722900,,
2019-06-18,13.24,13.54,13.17,13.46,10.674419,21125500,,
2019-06-19,13.54,13.6,13.33,13.54,10.737864,27063500,,
2019-06-20,13.82,14.0,13.65,13.71,10.872682,14594600,,
2019-06-21,13.62,13.76,13.53,13.53,10.729932,19521300,,
2019-06-24,13.59,13.69,13.54,13.64,10.817168,10638600,,
2019-06-25,13.58,13.65,13.28,13.33,10.571324,15995700,,
2019-06-26,13.45,13.51,13.3,13.44,10.658558,11992000,,
2019-06-27,13.43,13.52,13.28,13.43,10.650628,12291500,,
2019-06-28,13.57,13.58,13.41,13.44,10.658558,13853000,,
2019-07-01,13.96,14.02,13.87,13.93,11.047152,25215500,,
2019-07-02,13.81,13.88,13.02,13.29,10.539601,38848700,,
2019-07-03,13.3,13.48,13.23,13.37,10.603045,16019700,,
2019-07-05,13.09,13.13,12.92,13.12,10.404783,28408000,,
2019-07-08,13.27,13.52,13.21,13.3,10.547532,18994600,,
2019-07-09,13.03,13.47,13.03,13.36,10.595114,14378700,,
2019-07-10,13.64,13.93,13.61,13.81,10.951987,30888800,,
2019-07-11,13.85,13.97,13.71,13.84,10.975778,19754800,,
2019-07-12,13.99,14.0,13.78,13.8,10.944057,15585100,,
2019-07-15,13.99,14.09,13.92,14.0,11.102666,15898500,,
2019-07-16,14.04,14.18,14.01,14.03,11.126456,14536800,,
2019-07-17,14.03,14.03,13.89,13.95,11.063013,13012100,,
2019-07-18,13.95,14.08,13.88,14.01,11.110596,15911500,,
2019-07-19,14.15,14.19,13.98,14.04,11.134387,11851100,,
2019-07-22,14.01,14.05,13.8,13.92,11.039223,12646500,,
2019-07-23,13.88,13.89,13.66,13.69,10.85682,14990700,,
2019-07-24,13.5,13.52,13.37,13.42,10.642698,18275500,,
2019-07-25,13.32,13.4,13.16,13.26,10.51581,14773400,,
2019-07-26,13.47,13.47,13.25,13.27,10.523741,12055500,,
2019-07-29,13.19,13.25,13.08,13.24,10.499949,17826100,,
2019-07-30,13.28,13.29,13.14,13.16,10.436505,20709700,,
2019-07-31,13.25,13.31,12.85,12.99,10.301687,27454600,,
2019-08-01,12.73,12.84,12.49,12.52,9.928955,29837000,,
2019-08-02,12.34,12.42,12.19,12.28,9.738623,19317000,,
2019-08-05,11.72,11.74,11.5,11.56,9.16763,27417500,,
2019-08-06,11.81,11.84,11.59,11.75,9.318308,21088000,,
2019-08-07,11.48,11.65,11.39,11.64,9.231073,21091300,,
2019-08-08,11.92,12.01,11.87,11.97,9.49278,20536400,,
2019-08-09,11.81,11.86,11.51,11.55,9.159698,19123500,,
2019-08-12,11.25,11.44,11.19,11.3,8.961438,13687700,,
2019-08-13,11.31,11.8,11.27,11.7,9.278656,27767200,,
2019-08-14,11.35,11.35,11.05,11.06,8.771107,24040000,,
2019-08-15,11.07,11.1,10.68,10.97,8.699733,20501500,,
2019-08-16,11.05,11.11,10.84,10.88,8.628357,16612100,,
2019-08-19,11.03,11.05,10.59,10.68,8.469748,21986500,,
2019-08-20,10.61,10.98,10.6,10.79,8.556983,18706600,,
2019-08-21,10.69,10.99,10.67,10.86,8.612496,19556800,,
2019-08-22,10.87,10.94,10.69,10.77,8.541121,16527400,,
2019-08-23,10.75,10.91,10.39,10.46,8.295278,24437000,,
2019-08-26,10.48,10.5,10.2,10.28,8.152528,15253000,,
2019-08-27,10.3,10.55,10.28,10.33,8.19218,21225400,,
2019-08-28,10.39,10.59,10.3,10.43,8.271485,12539100,,
2019-08-29,10.57,10.83,10.53,10.72,8.50147,20135700,,
2019-08-30,11.04,11.15,10.91,11.0,8.723522,29954000,,
2019-09-03,10.93,11.04,10.83,10.91,8.652148,16612800,,
2019-09-04,11.17,11.26,11.12,11.24,8.913854,17011500,,
2019-09-05,11.46,11.52,11.3,11.33,8.985229,16574600,,
2019-09-06,11.3,11.44,11.3,11.34,8.993157,16838300,,
2019-09-09,11.34,11.61,11.33,11.61,9.207281,18956800,,
2019-09-10,11.51,11.8,11.44,11.73,9.302447,20728700,,
2019-09-11,11.78,11.94,11.64,11.81,9.365891,20107500,,
2019-09-12,12.06,12.21,11.95,12.17,9.651387,30558400,,
2019-09-13,12.36,12.38,12.12,12.15,9.635527,24857400,,
2019-09-16,11.9,11.98,11.79,11.87,9.413475,18225800,,
2019-09-17,11.71,11.97,11.68,11.93,9.461056,13757100,,
2019-09-18,11.86,11.94,11.63,11.77,9.334169,15287400,,
2019-09-19,11.61,11.71,11.55,11.58,9.18349,13662100,,
2019-09-20,11.6,11.69,11.47,11.58,9.18349,14515800,,
2019-09-23,11.51,11.62,11.45,11.47,9.096255,16533300,,
2019-09-24,11.39,11.4,11.17,11.21,8.890063,15789100,,
2019-09-25,11.19,11.49,11.13,11.47,9.096255,16306100,,
2019-09-26,11.57,11.57,11.38,11.44,9.072463,14592600,,
2019-09-27,11.54,11.59,11.34,11.43,9.064533,13501100,,
2019-09-30,11.32,11.53,11.29,11.5,9.120046,12819500,,
2019-10-01,11.43,11.66,11.41,11.45,9.080394,18367200,,
2019-10-02,11.16,11.22,10.85,10.87,8.620427,35259100,,
2019-10-03,10.9,11.17,10.73,11.06,8.771107,26433700,,
2019-10-04,11.25,11.47,11.24,11.45,9.080394,21606900,,
2019-10-07,11.44,11.52,11.21,11.24,8.913854,12404600,,
2019-10-08,11.18,11.22,11.04,11.05,8.763175,19897800,,
2019-10-09,11.19,11.2,10.99,11.11,8.810758,12151800,,
2019-10-10,11.18,11.52,11.18,11.42,9.056602,22547700,,
2019-10-11,11.69,11.9,11.67,11.81,9.365891,23397600,,
2019-10-14,11.59,11.62,11.49,11.58,9.18349,12863900,,
2019-10-15,11.53,11.59,11.41,11.44,9.072463,18703300,,
2019-10-16,11.2,11.28,11.14,11.21,8.890063,22808100,,
2019-10-17,11.3,11.34,11.15,11.17,8.85834,14801700,,
2019-10-18,11.24,11.35,11.14,11.15,8.842479,13181400,,
2019-10-21,11.25,11.38,11.22,11.38,9.024881,9959600,,
2019-10-22,11.47,11.63,11.46,11.57,9.17556,17331100,,
2019-10-23,11.6,11.69,11.53,11.65,9.239003,13323000,,
2019-10-24,11.77,11.78,11.49,11.51,9.127976,19610100,,
2019-10-25,11.85,12.07,11.84,12.04,9.548291,28137900,,
2019-10-28,12.19,12.23,12.08,12.23,9.698971,21694600,,
2019-10-29,12.02,12.2,12.02,12.14,9.627597,16324600,,
2019-10-30,11.96,12.13,11.8,12.13,9.619667,16135900,,
2019-10-31,11.94,11.95,11.6,11.74,9.310377,16008300,,
2019-11-01,12.0,12.21,11.99,12.14,9.627597,24896100,,
2019-11-04,12.4,12.42,12.29,12.33,9.778276,14029400,,
2019-11-05,12.48,12.48,12.32,12.38,9.817928,17273400,,
2019-11-06,12.01,12.28,12.01,12.17,9.651387,18869800,,
2019-11-07,12.2,12.32,12.06,12.21,9.68311,22387300,,
2019-11-08,11.76,11.92,11.71,11.77,9.334169,18263900,,
2019-11-11,11.54,11.62,11.5,11.61,9.207281,60845500,,
2019-11-12,11.52,11.58,11.41,11.5,9.120046,20027000,,
2019-11-13,11.35,11.39,11.18,11.22,8.897994,13866800,,
2019-11-14,11.25,11.35,11.18,11.2,8.882132,12915200,,
2019-11-15,11.35,11.51,11.3,11.46,9.088325,12458500,,
2019-11-18,11.38,11.44,11.28,11.3,8.961438,13348100,,
2019-11-19,11.44,11.48,11.31,11.46,9.088325,15658300,,
2019-11-20,11.31,11.46,11.13,11.26,8.929715,12417400,,
2019-11-21,11.36,11.51,11.27,11.47,9.096255,15263700,,
2019-11-22,11.8,11.93,11.74,11.89,9.429337,30538500,,
2019-11-25,12.02,12.14,11.98,12.03,9.540361,18666900,,
2019-11-26,11.97,12.08,11.83,12.03,9.540361,26175800,,
2019-11-27,11.92,11.93,11.72,11.87,9.413475,15572600,,
2019-11-29,11.78,11.86,11.74,11.76,9.326239,7450500,,
2019-12-02,11.98,12.21,11.91,12.14,9.627597,17935000,,
2019-12-03,12.02,12.05,11.91,12.0,9.51657,20077900,,
2019-12-04,12.06,12.14,12.01,12.1,9.595875,10652200,,
2019-12-05,12.04,12.18,11.99,12.12,9.611735,13333300,,
2019-12-06,12.28,12.43,12.23,12.39,9.825859,22335000,,
2019-12-09,12.49,12.61,12.35,12.38,9.817928,42420200,,
2019-12-10,12.34,12.39,12.25,12.3,9.754485,11778000,,
2019-12-11,12.44,12.61,12.41,12.58,9.976539,13591600,,
2019-12-12,12.57,12.94,12.55,12.91,10.238244,21931800,,
2019-12-13,12.94,13.21,12.89,13.06,10.357201,32018200,,
2019-12-16,13.33,13.33,13.16,13.16,10.436505,20446100,,
2019-12-17,13.11,13.18,13.04,13.09,10.380991,17965500,,
2019-12-18,13.07,13.14,12.91,13.08,10.373062,17987200,,
2019-12-19,13.13,13.35,13.1,13.22,10.484089,13284100,,
2019-12-20,13.35,13.41,13.24,13.27,10.523741,27190300,,
2019-12-23,13.39,13.42,13.28,13.3,10.547532,23768800,,
2019-12-24,13.33,13.57,13.31,13.47,10.68235,5251400,,
2019-12-26,13.41,13.53,13.41,13.49,10.698212,14680300,,
2019-12-27,13.16,13.3,13.16,13.22,10.760888,18324000,,
2019-12-30,13.26,13.34,13.19,13.19,10.736468,11795700,,
2019-12-31,13.19,13.26,13.11,13.2,10.744607,8207600,,
2020-01-02,13.31,13.47,13.29,13.45,10.948104,19410400,,
2020-01-03,13.23,13.45,13.23,13.29,10.817867,17770000,,
2020-01-06,13.08,13.2,13.05,13.14,10.695769,19213300,,
2020-01-07,13.05,13.31,13.04,13.23,10.769027,18859600,,
2020-01-08,13.18,13.37,13.12,13.22,10.760888,24916400,,
2020-01-09,13.12,13.14,12.96,12.99,10.57367,17937000,,
2020-01-10,13.07,13.14,12.93,12.97,10.557391,14055100,,
2020-01-13,12.96,13.4,12.95,13.32,10.842285,26080400,,
2020-01-14,13.47,13.55,13.37,13.45,10.948104,17567200,,
2020-01-15,13.44,13.44,13.17,13.26,10.793447,15928300,,
2020-01-16,13.28,13.28,13.11,13.16,10.712049,13701700,,
2020-01-17,13.47,13.67,13.39,13.63,11.094622,22030300,,
2020-01-21,13.53,13.53,13.19,13.25,10.785307,23668300,,
2020-01-22,13.37,13.48,13.35,13.42,10.923685,14244400,,
2020-01-23,13.14,13.33,13.06,13.3,10.826006,26282200,,
2020-01-24,13.19,13.2,12.76,12.84,10.451573,30560900,,
2020-01-27,12.09,12.15,11.94,12.0,9.767825,40353800,,
2020-01-28,12.25,12.3,12.08,12.18,9.914343,25003800,,
2020-01-29,12.1,12.15,11.91,11.95,9.727126,21947600,,
2020-01-30,11.8,12.04,11.67,12.01,9.775967,26128300,,
2020-01-31,11.78,11.83,11.59,11.73,9.548049,23213800,,
2020-02-03,11.83,11.98,11.82,11.9,9.686426,17943900,,
2020-02-04,12.28,12.35,12.21,12.23,9.955042,21074000,,
2020-02-05,12.56,12.58,12.42,12.44,10.125979,17816600,,
2020-02-06,12.64,12.64,12.3,12.4,10.093419,16383000,,
2020-02-07,12.2,12.2,11.98,12.04,9.800385,37275400,,
2020-02-10,11.79,11.82,11.51,11.6,9.442231,29912200,,
2020-02-11,11.93,12.04,11.9,11.92,9.702706,30155800,,
2020-02-12,12.2,12.22,12.12,12.12,9.865502,24756300,,
2020-02-13,11.98,12.03,11.88,11.93,9.710846,21709300,,
2020-02-14,11.96,12.0,11.77,11.87,9.662007,15698400,,
2020-02-18,12.02,12.15,11.93,12.02,9.784105,25402600,,
2020-02-19,12.05,12.1,11.98,12.05,9.808524,16228000,,
2020-02-20,12.09,12.12,11.81,11.85,9.645727,19394100,,
2020-02-21,11.43,11.48,11.27,11.42,9.295714,39728000,,
2020-02-24,10.95,10.98,10.49,10.56,8.595687,50569600,,
2020-02-25,10.69,10.82,10.24,10.31,8.392191,41068900,,
2020-02-26,10.39,10.57,10.1,10.18,8.286372,49291900,,
2020-02-27,9.8,10.16,9.66,9.92,8.074736,51569800,,
2020-02-28,9.6,9.84,9.53,9.82,7.993337,58968300,,
2020-03-02,10.11,10.46,9.98,10.27,8.359631,55830000,,
2020-03-03,10.61,10.91,10.15,10.22,8.318932,64799000,,
2020-03-04,10.51,10.68,10.32,10.56,8.595687,46153500,,
2020-03-05,10.26,10.28,9.88,10.12,8.237533,59129800,,
2020-03-06,9.42,9.89,9.42,9.53,7.757281,42161900,,
2020-03-09,8.3,8.78,7.85,7.97,6.487464,59785500,,
2020-03-10,8.81,9.7,8.71,9.4,7.651463,71490600,,
2020-03-11,9.24,9.47,8.17,8.5,6.918877,73917200,,
2020-03-12,7.42,7.68,6.61,7.16,5.828135,77801900,,
2020-03-13,9.05,9.25,7.73,8.7,7.081673,56593800,,
2020-03-16,7.1,8.33,7.1,7.9,6.430485,33107300,,
2020-03-17,8.12,8.64,7.71,8.17,6.650261,30640800,,
2020-03-18,7.52,8.02,6.92,7.4,6.023492,50289600,,
2020-03-19,7.23,7.58,6.84,7.18,5.844416,31102400,,
2020-03-20,7.59,7.88,6.87,6.98,5.681619,36080700,,
2020-03-23,6.69,6.98,6.49,6.58,5.356024,32474300,,
2020-03-24,7.35,7.61,7.22,7.5,6.104891,32700300,,
2020-03-25,7.7,8.24,7.5,8.04,6.544443,32929700,,
2020-03-26,8.32,8.46,7.96,8.32,6.772359,25869700,,
2020-03-27,7.73,8.15,7.68,7.84,6.381646,21021000,,
2020-03-30,8.07,8.15,7.87,8.04,6.544443,18079900,,
2020-03-31,8.22,8.58,8.17,8.29,6.74794,34289000,,
2020-04-01,7.94,8.4,7.94,8.15,6.633981,27309500,,
2020-04-02,8.34,8.47,7.93,8.15,6.633981,27479500,,
2020-04-03,7.97,8.08,7.45,7.58,6.17001,28712900,,
2020-04-06,8.09,8.27,7.91,8.11,6.601421,27421600,,
2020-04-07,8.68,8.7,8.33,8.38,6.821198,22663200,,
2020-04-08,8.36,8.53,8.31,8.44,6.870037,19323300,,
2020-04-09,8.64,8.77,8.4,8.5,6.918877,22372400,,
2020-04-13,8.45,8.6,8.34,8.57,6.975855,18465100,,
2020-04-14,8.8,8.88,8.55,8.59,6.992136,20187000,,
2020-04-15,8.22,8.34,8.08,8.26,6.72352,18345600,,
2020-04-16,8.25,8.25,7.97,8.13,6.617702,21048400,,
2020-04-17,8.28,8.41,8.19,8.36,6.804918,18665000,,
2020-04-20,8.05,8.14,7.92,7.99,6.503744,25888800,,
2020-04-21,7.84,7.88,7.6,7.79,6.340947,21564500,,
2020-04-22,7.85,8.02,7.81,7.97,6.487464,21909700,,
2020-04-23,7.93,8.22,7.85,7.86,6.397925,27748900,,
2020-04-24,7.83,7.86,7.36,7.67,6.243268,45475600,,
2020-04-27,7.9,7.97,7.76,7.88,6.414206,26284500,,
2020-04-28,8.08,8.18,7.79,8.11,6.601421,24653700,,
2020-04-29,8.27,8.8,8.25,8.76,7.130513,36265100,,
2020-04-30,8.42,8.49,8.21,8.25,6.71538,25434800,,
2020-05-01,8.0,8.04,7.88,7.98,6.495604,15991000,,
2020-05-04,7.8,7.99,7.76,7.98,6.495604,15604500,,
2020-05-05,8.05,8.18,7.81,7.81,6.357226,17398800,,
2020-05-06,7.79,7.88,7.69,7.78,6.332807,20273800,,
2020-05-07,7.9,8.1,7.88,7.93,6.454905,22828200,,
2020-05-08,8.15,8.56,8.15,8.52,6.935157,27540800,,
2020-05-11,8.4,8.5,8.21,8.23,6.6991,23699300,,
2020-05-12,8.4,8.45,8.09,8.1,6.593282,20347500,,
2020-05-13,8.33,8.34,8.02,8.18,6.658401,27974900,,
2020-05-14,7.94,8.27,7.86,8.24,6.70724,30912200,,
2020-05-15,8.37,8.52,8.23,8.27,6.73166,30860000,,
2020-05-18,8.94,9.03,8.8,9.01,7.334009,35793000,,
2020-05-19,9.03,9.19,8.94,9.07,7.382848,32715500,,
2020-05-20,9.35,9.45,9.18,9.27,7.545645,23435300,,
2020-05-21,9.27,9.39,9.05,9.13,7.431687,34691000,,
2020-05-22,9.02,9.15,8.89,8.98,7.309589,23412900,,
2020-05-26,9.36,9.36,9.04,9.11,7.415407,31909200,,
2020-05-27,9.32,9.59,9.2,9.57,7.789841,28978600,,
2020-05-28,9.65,9.66,9.28,9.31,7.578204,24760200,,
2020-05-29,9.49,9.8,9.39,9.76,7.944498,37186400,,
2020-06-01,9.84,9.98,9.81,9.84,8.009618,26790500,,
2020-06-02,10.05,10.26,10.02,10.26,8.351491,29054600,,
2020-06-03,10.62,10.74,10.47,10.57,8.603826,35975700,,
2020-06-04,10.52,10.88,10.44,10.84,8.823603,41536200,,
2020-06-05,11.22,11.33,10.9,11.04,8.9864,46686600,,
2020-06-08,11.15,11.3,10.95,11.27,9.173616,31123800,,
2020-06-09,11.01,11.26,10.97,11.22,9.132916,19166500,,
2020-06-10,11.27,11.28,10.94,11.02,8.97012,30075000,,
2020-06-11,10.52,10.62,10.18,10.25,8.34335,30162500,,
2020-06-12,10.57,10.7,10.27,10.63,8.652665,31964800,,
2020-06-15,10.1,10.61,10.07,10.61,8.636385,33837300,,
2020-06-16,10.82,10.87,10.42,10.66,8.677085,43970200,,
2020-06-17,10.6,10.78,10.52,10.74,8.742205,34889800,,
2020-06-18,10.48,10.58,10.43,10.55,8.587547,34436100,,
2020-06-19,10.51,10.58,10.28,10.31,8.392191,43773700,,
2020-06-22,10.44,10.64,10.38,10.46,8.514289,17825600,,
2020-06-23,10.8,10.98,10.72,10.8,8.791043,24413500,,
2020-06-24,10.71,10.72,10.32,10.4,8.465448,18254600,,
2020-06-25,10.45,10.56,10.27,10.56,8.595687,32098700,,
2020-06-26,10.35,10.48,10.12,10.19,8.294512,18614800,,
2020-06-29,10.28,10.33,10.1,10.21,8.310792,14625700,,
2020-06-30,10.13,10.41,10.06,10.31,8.392191,21777400,,
2020-07-01,10.37,10.45,10.11,10.28,8.36777,22874200,,
2020-07-02,10.41,10.61,10.36,10.41,8.473589,17517400,,
2020-07-06,10.59,10.74,10.54,10.6,8.628246,22903600,,
2020-07-07,10.66,10.72,10.47,10.47,8.522428,15840200,,
2020-07-08,10.76,10.85,10.61,10.76,8.758484,22815900,,
2020-07-09,10.88,10.91,10.52,10.63,8.652665,19137300,,
2020-07-10,10.57,10.82,10.53,10.79,8.782904,23732700,,
2020-07-13,10.94,11.11,10.75,10.78,8.774762,25884400,,
2020-07-14,10.79,11.64,10.73,11.6,9.442231,48474200,,
2020-07-15,11.74,11.78,11.32,11.54,9.393393,23632600,,
2020-07-16,11.46,11.49,11.27,11.28,9.181756,27862000,,
2020-07-17,11.43,11.45,11.31,11.31,9.206176,25853400,,
2020-07-20,11.32,11.5,11.3,11.44,9.311994,20665900,,
2020-07-21,11.44,11.58,11.35,11.46,9.328274,27836500,,
2020-07-22,11.72,11.72,11.51,11.58,9.425951,28233600,,
2020-07-23,11.59,11.66,11.29,11.29,9.189896,27353300,,
2020-07-24,11.22,11.34,11.09,11.26,9.165477,36014200,,
2020-07-27,11.46,11.94,11.35,11.91,9.694566,42063100,,
2020-07-28,11.66,11.79,11.59,11.74,9.55619,20529100,,
2020-07-29,11.91,12.15,11.89,12.09,9.841084,24691900,,
2020-07-30,11.93,12.07,11.68,11.85,9.645727,29433700,,
2020-07-31,11.79,11.8,11.59,11.64,9.474792,18876900,,
2020-08-03,11.8,11.82,11.33,11.42,9.295714,28077800,,
2020-08-04,11.18,11.5,11.12,11.49,9.352694,75671000,,
2020-08-05,11.76,11.95,11.71,11.76,9.57247,26444700,,
2020-08-06,11.64,11.77,11.5,11.53,9.385252,26619900,,
2020-08-07,11.31,11.32,11.06,11.16,9.084078,42556500,,
2020-08-10,11.4,11.52,11.18,11.36,9.246875,42324800,,
2020-08-11,11.5,11.56,11.14,11.17,9.092217,30996700,,
2020-08-12,11.26,11.42,11.15,11.31,9.206176,26197700,,
2020-08-13,11.47,11.49,11.22,11.28,9.181756,17539900,,
2020-08-14,11.32,11.36,11.21,11.33,9.222456,17319600,,
2020-08-17,11.38,11.53,11.23,11.36,9.246875,28306900,,
2020-08-18,11.61,11.77,11.5,11.6,9.442231,26357700,,
2020-08-19,11.62,11.68,11.28,11.32,9.214314,20971900,,
2020-08-20,11.03,11.39,11.02,11.38,9.263154,24466300,,
2020-08-21,11.15,11.24,11.0,11.08,9.018959,22804600,,
2020-08-24,11.25,11.31,11.17,11.3,9.198036,20285500,,
2020-08-25,11.19,11.24,11.02,11.22,9.132916,23660100,,
2020-08-26,11.23,11.31,10.93,11.05,8.994539,26074600,,
2020-08-27,11.16,11.19,10.8,10.93,8.896862,16175300,,
2020-08-28,11.11,11.38,11.08,11.3,9.198036,16052000,,
2020-08-31,11.25,11.26,10.98,11.0,8.95384,18476000,,
2020-09-01,11.24,11.59,11.21,11.5,9.360832,20222200,,
2020-09-02,11.55,11.55,11.28,11.43,9.303854,25120500,,
2020-09-03,11.27,11.47,11.1,11.24,9.149197,27030500,,
2020-09-04,11.33,11.44,11.08,11.38,9.263154,20092400,,
2020-09-08,11.03,11.21,10.94,11.04,8.9864,25425900,,
2020-09-09,11.36,11.41,11.22,11.32,9.214314,25713500,,
2020-09-10,11.33,11.41,11.01,11.08,9.018959,21228700,,
2020-09-11,11.49,11.73,11.44,11.67,9.49921,45763700,,
2020-09-14,11.87,11.87,11.6,11.75,9.564329,32208500,,
2020-09-15,11.92,12.08,11.77,11.84,9.637588,44035400,,
2020-09-16,11.77,11.82,11.54,11.59,9.434092,21364400,,
2020-09-17,11.4,11.94,11.39,11.88,9.670147,34170400,,
2020-09-18,11.8,11.97,11.51,11.51,9.368973,46196400,,
2020-09-21,11.26,11.31,10.87,11.13,9.059658,41534200,,
2020-09-22,10.78,10.79,10.49,10.64,9.031648,29599100,,
2020-09-23,10.39,10.73,10.39,10.65,9.040134,84017800,,
2020-09-24,10.65,10.86,10.55,10.7,9.082576,73935000,,
2020-09-25,10.49,10.76,10.49,10.74,9.11653,45987900,,
2020-09-28,10.88,10.92,10.45,10.49,8.90432,37726900,,
2020-09-29,10.47,10.72,10.4,10.41,8.836414,28434600,,
2020-09-30,10.56,10.73,10.47,10.58,8.980717,27303800,,
2020-10-01,10.58,10.62,10.29,10.41,8.836414,21543500,,
2020-10-02,10.33,10.54,10.31,10.39,8.819437,24827800,,
2020-10-05,10.57,10.79,10.53,10.75,9.125019,23405500,,
2020-10-06,10.87,10.93,10.43,10.5,8.912809,25228400,,
2020-10-07,10.68,10.88,10.58,10.75,9.125019,30304400,,
2020-10-08,10.75,11.06,10.71,11.05,9.37967,28357800,,
2020-10-09,11.16,11.21,11.05,11.19,9.498507,26233200,,
2020-10-12,11.27,11.3,11.18,11.22,9.523973,14906300,,
2020-10-13,11.01,11.29,10.97,11.21,9.515485,22460500,,
2020-10-14,11.22,11.36,11.21,11.34,9.625834,28812000,,
2020-10-15,11.13,11.28,11.07,11.18,9.490019,16506000,,
2020-10-16,11.22,11.24,11.09,11.09,9.413625,11870300,,
2020-10-19,11.17,11.33,11.11,11.13,9.447577,16480400,,
2020-10-20,11.09,11.26,11.04,11.09,9.413625,17613900,,
2020-10-21,11.1,11.34,11.06,11.26,9.557927,21332900,,
2020-10-22,11.25,11.45,11.21,11.3,9.591881,20007200,,
2020-10-23,11.28,11.43,11.13,11.31,9.600368,29461400,,
2020-10-26,11.26,11.3,11.04,11.14,9.456066,18734800,,
2020-10-27,11.09,11.17,11.03,11.04,9.371182,25867000,,
2020-10-28,10.82,10.87,10.48,10.53,8.938273,26833700,,
2020-10-29,10.47,10.88,10.39,10.77,9.141996,32565000,,
2020-10-30,10.7,10.81,10.45,10.57,8.972228,33879000,,
2020-11-02,10.72,10.78,10.64,10.72,9.099553,10000400,,
2020-11-03,10.93,11.03,10.85,10.99,9.328739,27845500,,
2020-11-04,10.97,11.08,10.79,10.84,9.201414,25124600,,
2020-11-05,11.1,11.41,11.08,11.33,9.617345,24749700,,
2020-11-06,11.5,11.83,11.48,11.77,9.990834,25898600,,
2020-11-09,12.21,12.24,11.73,11.8,10.0163,41421800,,
2020-11-10,11.74,11.94,11.63,11.73,9.956881,40528800,,
2020-11-11,11.8,11.87,11.71,11.84,10.050253,27244400,,
2020-11-12,11.72,11.75,11.43,11.49,9.75316,18307900,,
2020-11-13,11.51,11.68,11.41,11.68,9.914439,34190900,,
2020-11-16,11.73,12.07,11.67,12.06,10.236999,74107400,,
2020-11-17,12.18,12.83,12.14,12.56,10.661418,53277200,,
2020-11-18,12.63,12.68,12.37,12.4,10.525602,24819700,,
2020-11-19,12.55,12.79,12.52,12.76,10.831184,31339700,,
2020-11-20,12.72,12.77,12.6,12.68,10.763279,17653700,,
2020-11-23,13.0,13.19,12.88,13.19,11.196186,49044900,,
2020-11-24,13.28,14.04,13.26,14.01,11.892235,65536300,,
2020-11-25,14.02,14.33,13.96,14.3,12.138398,57687200,,
2020-11-27,14.5,14.76,14.46,14.73,12.503397,33007800,,
2020-11-30,14.79,14.81,14.4,14.56,12.359096,42430500,,
2020-12-01,15.24,15.68,15.17,15.64,13.275842,52575100,,
2020-12-02,15.04,15.6,14.84,15.33,13.012701,50382300,,
2020-12-03,15.51,15.73,15.27,15.34,13.02119,35956800,,
2020-12-04,15.76,16.16,15.72,16.049999,13.623865,44203800,,
2020-12-07,16.18,16.290001,16.110001,16.280001,13.819099,42044100,,
2020-12-08,16.129999,16.450001,16.1,16.190001,13.742702,28022200,,
2020-12-09,16.290001,16.32,15.94,16.09,13.65782,29604200,,
2020-12-10,16.440001,17.049999,16.4,17.0,14.430263,42094300,,
2020-12-11,16.76,16.92,16.700001,16.860001,14.311425,31929200,,
2020-12-14,16.75,16.799999,16.33,16.459999,13.971889,30601700,,
2020-12-15,16.75,16.77,16.559999,16.67,14.150145,16439100,,
2020-12-16,16.68,16.969999,16.5,16.940001,14.379332,16764200,,
2020-12-17,17.24,17.440001,17.17,17.23,14.625496,29416300,,
2020-12-18,17.280001,17.459999,17.219999,17.370001,14.744334,25577300,,
2020-12-21,16.73,17.129999,16.700001,17.0,14.430263,25899100,,
2020-12-22,16.77,16.860001,16.6,16.799999,14.260492,19819500,,
2020-12-23,16.860001,16.959999,16.76,16.83,14.285959,15523200,,
2020-12-24,16.9,16.92,16.74,16.889999,14.336889,9039900,,
2020-12-28,16.9,16.940001,16.620001,16.73,14.201076,18639400,,
2020-12-29,16.92,17.0,16.639999,16.84,14.294447,21124200,,
2020-12-30,16.709999,16.969999,16.68,16.950001,14.387821,19434900,,
2020-12-31,16.950001,16.969999,16.75,16.76,14.226542,8228600,,
2021-01-04,17.5,17.700001,17.200001,17.4,14.769797,44854800,,
2021-01-05,17.15,17.700001,17.09,17.690001,15.015962,38460700,,
2021-01-06,17.82,18.35,17.690001,18.16,15.414915,38234200,,
2021-01-07,18.389999,19.0,18.280001,18.93,16.068523,71389700,,
2021-01-08,18.879999,18.940001,18.51,18.92,16.060034,42156400,,
2021-01-11,18.370001,18.66,18.290001,18.610001,15.796894,36916800,,
2021-01-12,18.469999,18.82,18.42,18.709999,15.881776,25180300,,
2021-01-13,18.450001,18.5,18.02,18.15,15.406426,21136400,,
2021-01-14,18.5,18.940001,18.41,18.940001,16.077011,25737600,,
2021-01-15,18.280001,18.290001,17.610001,17.639999,14.973517,33742200,,
2021-01-19,17.639999,17.700001,17.290001,17.610001,14.948055,29263400,,
2021-01-20,17.799999,17.82,17.18,17.450001,14.81224,21869500,,
2021-01-21,17.73,17.75,17.309999,17.469999,14.829216,33202800,,
2021-01-22,16.92,17.23,16.809999,17.209999,14.608518,23447600,,
2021-01-25,17.200001,17.200001,16.700001,16.950001,14.387821,16259900,,
2021-01-26,17.360001,17.5,17.110001,17.17,14.574565,24582600,,
2021-01-27,16.719999,16.9,16.379999,16.51,14.014332,29628800,,
2021-01-28,16.52,16.879999,16.23,16.75,14.218052,27265100,,
2021-01-29,16.360001,16.51,16.09,16.15,13.708748,22826400,,
2021-02-01,16.469999,16.9,16.200001,16.74,14.209563,25607800,,
2021-02-02,16.74,16.76,16.33,16.379999,13.903981,31693300,,
2021-02-03,16.709999,17.309999,16.66,16.889999,14.336889,38262100,,
2021-02-04,16.85,16.9,16.43,16.5,14.005842,31559000,,
2021-02-05,16.73,17.32,16.719999,17.26,14.65096,23718600,,
2021-02-08,17.35,17.870001,17.34,17.65,14.982008,37457800,,
2021-02-09,17.23,17.65,17.07,17.639999,14.973517,25655600,,
2021-02-10,17.690001,17.799999,17.5,17.65,14.982008,27846100,,
2021-02-11,17.68,17.75,17.299999,17.370001,14.744334,17275500,,
2021-02-12,17.209999,17.610001,17.129999,17.5,14.854682,10500800,,
2021-02-16,17.84,18.08,17.790001,18.030001,15.304568,17515200,,
2021-02-17,18.0,18.17,17.65,17.870001,15.168753,29903400,,
2021-02-18,18.0,18.1,17.68,17.98,15.262124,23664300,,
2021-02-19,18.08,18.469999,18.059999,18.219999,15.465846,30013600,,
2021-02-22,17.219999,18.08,17.09,17.530001,14.880148,43032900,,
2021-02-23,17.48,17.950001,17.040001,17.9,15.194218,32639600,,
2021-02-24,17.75,18.15,17.66,18.049999,15.321543,20345600,,
2021-02-25,18.110001,18.200001,17.23,17.4,14.769797,31641600,,
2021-02-26,17.620001,17.620001,16.84,16.9,14.345379,30064700,,
2021-03-01,17.360001,17.77,17.16,17.530001,14.880148,34783500,,
2021-03-02,17.27,18.09,17.24,17.950001,15.23666,36881000,,
2021-03-03,17.66,18.120001,17.389999,17.879999,15.177239,42451000,,
2021-03-04,18.049999,18.24,17.24,17.5,14.854682,37424400,,
2021-03-05,17.120001,17.75,17.1,17.74,15.748643,40994500,,
2021-03-08,17.559999,17.85,17.15,17.219999,15.287014,47401300,,
2021-03-09,16.799999,17.200001,16.389999,17.01,15.100588,37627400,,
2021-03-10,16.879999,17.299999,16.719999,17.219999,15.287014,45183100,,
2021-03-11,17.67,18.139999,17.67,18.02,15.997212,30339000,,
2021-03-12,17.639999,17.75,17.4,17.620001,15.642114,26400700,,
2021-03-15,17.27,17.299999,17.02,17.24,15.30477,20839400,,
2021-03-16,17.52,17.559999,17.120001,17.190001,15.260383,17837500,,
2021-03-17,17.110001,17.639999,17.030001,17.559999,15.588848,21525600,,
2021-03-18,17.4,17.860001,17.200001,17.280001,15.340281,21987200,,
2021-03-19,17.209999,17.34,16.91,17.25,15.313646,29946100,,
2021-03-22,16.799999,17.08,16.6,17.01,15.100588,25653900,,
2021-03-23,17.0,17.1,16.530001,16.58,14.718856,38210900,,
2021-03-24,16.84,17.09,16.610001,16.690001,14.816508,26472000,,
2021-03-25,16.52,16.57,16.049999,16.34,14.505797,32105100,,
2021-03-26,16.74,16.83,16.280001,16.74,14.860896,31425000,,
2021-03-29,16.790001,17.059999,16.73,16.959999,15.056199,22626500,,
2021-03-30,16.969999,17.02,16.74,17.02,15.109466,20101100,,
2021-03-31,17.01,17.440001,17.0,17.379999,15.429053,26083700,,
2021-04-01,17.389999,17.51,16.93,17.120001,15.19824,20811700,,
2021-04-05,17.82,18.360001,17.790001,18.280001,16.228027,38306900,,
2021-04-06,18.32,18.6,18.27,18.309999,16.254658,22398900,,
2021-04-07,18.42,18.84,18.41,18.65,16.556494,29545700,,
2021-04-08,18.84,18.98,18.629999,18.83,16.716288,24584800,,
2021-04-09,18.530001,18.65,18.190001,18.219999,16.174761,19611300,,
2021-04-12,18.35,18.389999,18.049999,18.09,16.059355,19816000,,
2021-04-13,18.08,18.35,17.959999,18.190001,16.14813,16911500,,
2021-04-14,18.200001,19.049999,18.200001,18.91,16.787308,25259200,,
2021-04-15,19.35,19.4,19.110001,19.299999,17.13353,25754300,,
2021-04-16,19.209999,19.530001,19.01,19.530001,17.337711,27685400,,
2021-04-19,19.5,19.719999,19.4,19.43,17.248936,27786100,,
2021-04-20,19.440001,19.440001,19.049999,19.16,17.009245,25122800,,
2021-04-21,19.09,19.52,18.790001,19.42,17.240059,20570500,,
2021-04-22,19.440001,19.51,19.0,19.450001,17.266693,30103800,,
2021-04-23,19.629999,19.73,19.459999,19.66,17.453117,16821800,,
2021-04-26,20.02,20.139999,19.83,19.950001,17.710566,24744500,,
2021-04-27,20.08,20.360001,19.92,20.299999,18.021276,29662700,,
2021-04-28,20.290001,21.0,20.26,20.959999,18.607189,32434900,,
2021-04-29,21.030001,21.120001,20.67,21.059999,18.695965,32035800,,
2021-04-30,20.58,20.76,20.02,20.120001,17.861483,36748500,,
2021-05-03,20.18,20.35,20.059999,20.09,17.83485,22234200,,
2021-05-04,20.0,20.540001,19.969999,20.379999,18.092297,28749600,,
2021-05-05,20.870001,21.0,20.629999,20.73,18.403008,26637300,,
2021-05-06,21.129999,21.9,21.0,21.85,19.397285,40997500,,
2021-05-07,22.030001,22.200001,21.809999,22.08,19.601467,34101600,,
2021-05-10,22.969999,23.02,22.01,22.049999,19.574835,42773100,,
2021-05-11,21.93,22.76,21.809999,22.709999,20.160748,42737300,,
2021-05-12,22.4,22.59,21.559999,21.67,19.237492,34745800,,
2021-05-13,21.17,21.75,21.01,21.27,18.882393,38785400,,
2021-05-14,21.09,21.280001,20.799999,21.030001,18.669333,29950900,,
2021-05-17,21.02,21.67,21.01,21.59,19.166471,37285900,,
2021-05-18,21.76,22.040001,21.620001,21.9,19.441673,40717500,,
2021-05-19,21.209999,21.4,20.780001,21.110001,18.740353,48593500,,
2021-05-20,21.17,21.209999,20.85,21.07,18.704842,29093400,,
2021-05-21,21.0,21.08,20.309999,20.450001,18.15444,35357500,,
2021-05-24,20.33,20.73,20.23,20.610001,18.29648,24307000,,
2021-05-25,20.879999,20.889999,20.049999,20.139999,17.879238,39800700,,
2021-05-26,20.02,20.82,20.0,20.700001,18.376375,34008100,,
2021-05-27,21.030001,21.290001,20.940001,21.139999,18.766985,41706800,,
2021-05-28,21.08,21.67,20.950001,21.52,19.10433,39084900,,
2021-06-01,22.75,22.799999,22.059999,22.200001,19.707998,41512100,,
2021-06-02,22.040001,22.83,21.98,22.67,20.12524,43409400,,
2021-06-03,22.389999,22.49,22.01,22.4,19.885548,25924600,,
2021-06-04,22.68,22.690001,22.26,22.450001,19.929935,20679100,,
2021-06-07,22.09,22.360001,22.09,22.280001,19.779018,27500600,,
2021-06-08,22.200001,22.27,21.790001,21.879999,19.423918,26471000,,
2021-06-09,21.950001,22.4,21.85,22.15,19.663609,31167600,,
2021-06-10,22.129999,22.370001,22.0,22.23,19.734629,34421600,,
2021-06-11,22.379999,22.48,22.139999,22.4,19.885548,22649700,,
2021-06-14,22.559999,22.73,22.27,22.530001,20.000956,25956000,,
2021-06-15,22.309999,22.4,21.879999,22.139999,19.654732,30966500,,
2021-06-16,21.83,21.860001,21.290001,21.49,19.077696,32532300,,
2021-06-17,21.57,21.620001,20.879999,21.08,18.71372,32693900,,
2021-06-18,21.469999,21.58,21.190001,21.51,19.095453,30869900,,
2021-06-21,21.42,22.08,21.42,22.0,19.530447,25854900,,
2021-06-22,22.08,22.52,22.01,22.51,19.9832,25061600,,
2021-06-23,22.77,23.120001,22.709999,22.799999,20.240644,31702200,,
2021-06-24,22.51,22.860001,22.33,22.639999,20.49044,26017200,,
2021-06-25,22.92,23.18,22.67,22.68,20.526644,32446600,,
2021-06-28,22.870001,22.9,22.33,22.43,20.300379,26978300,,
2021-06-29,22.559999,22.950001,22.549999,22.799999,20.635248,20723800,,
2021-06-30,22.67,22.93,22.4,22.809999,20.6443,23643800,,
2021-07-01,22.860001,22.879999,22.01,22.110001,20.010763,26176100,,
2021-07-02,22.459999,22.549999,22.129999,22.48,20.345633,20370600,,
2021-07-06,22.15,22.25,21.75,21.959999,19.875002,26079700,,
2021-07-07,22.059999,22.290001,21.75,21.93,19.847853,25089200,,
2021-07-08,21.379999,21.879999,21.18,21.76,19.693993,24261500,,
2021-07-09,22.1,22.6,21.9,22.42,20.291328,16302300,,
2021-07-12,22.120001,22.440001,22.01,22.32,20.200823,16920500,,
2021-07-13,22.290001,22.5,22.18,22.4,20.273228,13555700,,
2021-07-14,22.77,22.940001,22.52,22.66,20.508541,20484400,,
2021-07-15,22.67,22.92,22.34,22.540001,20.399937,17296400,,
2021-07-16,22.66,22.66,22.059999,22.07,19.97456,22619900,,
2021-07-19,21.559999,21.610001,21.139999,21.35,19.32292,26132700,,
2021-07-20,21.15,21.719999,20.860001,21.629999,19.576334,20235500,,
2021-07-21,21.629999,22.129999,21.57,22.049999,19.956457,18644200,,
2021-07-22,21.969999,22.059999,21.639999,21.940001,19.856903,13670100,,
2021-07-23,22.15,22.17,21.75,21.950001,19.865953,19138100,,
2021-07-26,22.139999,22.620001,22.110001,22.540001,20.399937,16925600,,
2021-07-27,22.26,22.41,22.030001,22.17,20.065065,18721800,,
2021-07-28,22.450001,23.030001,22.41,22.940001,20.761957,23867000,,
2021-07-29,23.049999,23.15,22.68,22.870001,20.698605,30116800,,
2021-07-30,22.07,22.120001,20.969999,21.02,19.024252,41707100,,
2021-08-02,21.51,21.76,21.200001,21.209999,19.196211,25974900,,
2021-08-03,21.15,21.77,20.92,21.74,19.675892,35585800,,
2021-08-04,21.709999,21.889999,21.49,21.690001,19.63064,30837700,,
2021-08-05,21.280001,21.370001,20.9,20.98,18.988049,33534000,,
2021-08-06,21.209999,21.25,20.91,20.940001,18.951849,22706500,,
2021-08-09,20.67,20.950001,20.440001,20.84,18.861341,16929400,,
2021-08-10,20.870001,21.360001,20.860001,21.16,19.150959,17605000,,
2021-08-11,21.209999,21.33,20.940001,21.030001,19.033302,13997900,,
2021-08-12,21.0,21.09,20.84,20.879999,18.897543,16958200,,
2021-08-13,20.85,20.879999,20.540001,20.639999,18.68033,15918500,,
2021-08-16,20.42,20.709999,20.18,20.629999,18.67128,20530000,,
2021-08-17,20.700001,20.73,20.030001,20.33,18.399765,25808200,,
2021-08-18,19.809999,19.950001,19.299999,19.309999,17.476608,39041200,,
2021-08-19,18.34,18.42,18.0,18.059999,16.345289,57005800,,
2021-08-20,18.049999,18.33,17.969999,18.23,16.499149,30244000,,
2021-08-23,18.1,18.16,17.889999,17.91,16.209532,28666100,,
2021-08-24,18.700001,19.200001,18.629999,18.92,17.123636,42029000,,
2021-08-25,18.870001,19.129999,18.719999,19.08,17.268446,17660600,,
2021-08-26,18.83,19.09,18.700001,18.77,16.987879,14722900,,
2021-08-27,18.98,19.469999,18.959999,19.440001,17.594267,15284200,,
2021-08-30,19.4,19.49,19.18,19.32,17.485659,15768400,,
2021-08-31,19.209999,19.219999,18.93,19.07,17.259396,22341700,,
2021-09-01,18.639999,19.25,18.58,19.08,17.268446,21833900,,
2021-09-02,19.139999,19.360001,18.93,19.07,17.259396,19720400,,
2021-09-03,19.32,19.370001,19.030001,19.08,17.268446,20575400,,
2021-09-07,18.98,19.049999,18.709999,18.709999,16.933575,14956400,,
2021-09-08,18.360001,18.360001,17.93,17.98,16.272884,33248600,,
2021-09-09,18.040001,18.219999,17.57,18.049999,16.336239,44470800,,
2021-09-10,18.25,18.450001,18.02,18.030001,16.318138,29845200,,
2021-09-13,18.17,18.200001,17.98,18.09,16.372442,21016500,,
2021-09-14,18.280001,18.280001,17.73,17.83,16.137127,28829000,,
2021-09-15,17.709999,17.950001,17.440001,17.620001,15.947066,27295200,,
2021-09-16,17.02,17.129999,16.690001,16.719999,15.132516,41691100,,
2021-09-17,16.540001,16.559999,15.94,16.309999,14.761443,58015900,,
2021-09-20,15.71,15.8,15.12,15.66,14.173158,69326400,,
2021-09-21,15.77,15.99,15.47,15.88,14.372271,33936700,,
2021-09-22,16.85,16.92,16.32,16.42,14.861,53406800,,
2021-09-23,14.76,15.19,14.66,14.82,14.82,49957700,,
2021-09-24,14.56,14.76,14.4,14.49,14.49,35663800,,
2021-09-27,14.56,14.84,14.2,14.54,14.54,55514900,,
2021-09-28,14.38,14.41,13.76,13.8,13.8,41274000,,
2021-09-29,13.96,14.23,13.75,13.97,13.97,44462700,,
2021-09-30,14.3,14.41,13.93,13.95,13.95,42957800,,
2021-10-01,14.29,14.37,14.01,14.2,14.2,25893100,,
2021-10-04,14.08,14.21,13.86,13.89,13.89,34494000,,
2021-10-05,13.9,13.98,13.71,13.74,13.74,35044300,,
2021-10-06,13.56,14.12,13.51,14.04,14.04,31006800,,
2021-10-07,14.21,14.6,14.18,14.46,14.46,35423400,,
2021-10-08,14.77,14.85,14.46,14.57,14.57,28074700,,
2021-10-11,15.0,15.1,14.62,14.75,14.75,35259000,,
